# invisible shape. no vertex colour.
o mesh3d
v -0.100755 -0.100520 -0.379691
v -0.119095 -0.100520 -0.357835
v -0.157153 -0.097569 -0.307854
v -0.184382 -0.103547 -0.284690
v -0.203201 -0.098240 -0.254039
v -0.072059 -0.056354 -0.415079
v -0.101961 -0.068460 -0.396840
v -0.135617 -0.068220 -0.355759
v -0.158576 -0.068220 -0.325874
v -0.201188 -0.064130 -0.298791
v -0.220049 -0.067663 -0.251522
v -0.233520 -0.055025 -0.218661
v -0.072597 -0.019149 -0.421261
v -0.115844 -0.019149 -0.403334
v -0.144880 -0.019149 -0.368980
v -0.173956 -0.019149 -0.334659
v -0.204683 -0.019149 -0.301724
v -0.229618 -0.019149 -0.263928
v -0.239674 -0.019149 -0.218393
v -0.071573 0.014084 -0.409562
v -0.099317 0.027779 -0.385908
v -0.125423 0.028682 -0.355968
v -0.157641 0.023490 -0.320969
v -0.187878 0.025321 -0.287623
v -0.214367 0.021974 -0.251131
v -0.229258 0.013497 -0.220630
v -0.099525 0.052869 -0.364138
v -0.103522 0.052869 -0.359373
v -0.065946 -0.186611 -0.345198
v -0.078892 -0.186611 -0.329770
v -0.123870 -0.187748 -0.277912
v -0.151257 -0.195225 -0.256895
v -0.177179 -0.191333 -0.219927
v -0.188869 -0.182558 -0.192348
v -0.066742 -0.154092 -0.354265
v -0.088524 -0.154092 -0.328306
v -0.124133 -0.154092 -0.287496
v -0.165914 -0.154092 -0.269193
v -0.183799 -0.151590 -0.219884
v -0.188869 -0.164916 -0.192348
v -0.037655 -0.101137 -0.386021
v -0.068362 -0.115822 -0.370675
v -0.104980 -0.116019 -0.327288
v -0.126397 -0.114544 -0.301976
v -0.168878 -0.126037 -0.271680
v -0.192259 -0.114887 -0.224268
v -0.211785 -0.108870 -0.190246
v -0.240507 -0.108613 -0.155629
v -0.268756 -0.107771 -0.120614
v -0.296468 -0.106184 -0.085149
v -0.313477 -0.099089 -0.053886
v -0.039408 -0.068460 -0.402839
v -0.070540 -0.086341 -0.393483
v -0.127679 -0.085941 -0.325893
v -0.129464 -0.085941 -0.323766
v -0.213458 -0.085012 -0.223501
v -0.231828 -0.067663 -0.201427
v -0.257130 -0.064130 -0.169578
v -0.284894 -0.064130 -0.134156
v -0.312188 -0.064130 -0.098340
v -0.323101 -0.064130 -0.053043
v -0.026838 -0.019149 -0.411191
v -0.241058 -0.019149 -0.190194
v -0.256560 -0.019149 -0.169099
v -0.284404 -0.019149 -0.133745
v -0.310732 -0.019149 -0.097118
v -0.320601 -0.019149 -0.053228
v -0.040361 0.027779 -0.393625
v -0.071060 0.044071 -0.379399
v -0.120129 0.045576 -0.334163
v -0.142154 0.045981 -0.307974
v -0.171236 0.047811 -0.273659
v -0.199447 0.044464 -0.238612
v -0.226596 0.027427 -0.200364
v -0.249631 0.025832 -0.163285
v -0.269914 0.029727 -0.119617
v -0.295013 0.021586 -0.083928
v -0.310144 0.013679 -0.054133
v -0.036539 0.054270 -0.373888
v -0.068919 0.068563 -0.365153
v -0.111322 0.069043 -0.344136
v -0.141957 0.070813 -0.307809
v -0.171039 0.070813 -0.273493
v -0.199039 0.070813 -0.238270
v -0.224266 0.070813 -0.200719
v -0.242802 0.070813 -0.157555
v -0.249883 0.070813 -0.122204
v -0.067120 0.115794 -0.355757
v -0.104540 0.115794 -0.335131
v -0.136528 0.115794 -0.303254
v -0.169898 0.115794 -0.272536
v -0.195675 0.115794 -0.235447
v -0.213629 0.120116 -0.189048
v -0.233109 0.105980 -0.149421
v -0.241009 0.095505 -0.123848
v -0.065855 0.147582 -0.344148
v -0.087840 0.149614 -0.321117
v -0.119497 0.153181 -0.288963
v -0.152867 0.159028 -0.258245
v -0.178855 0.155277 -0.221333
v -0.194306 0.147336 -0.190576
v -0.003133 -0.191155 -0.357144
v -0.035299 -0.199717 -0.337733
v -0.065872 -0.199276 -0.300637
v -0.092343 -0.200313 -0.269089
v -0.119764 -0.217192 -0.230469
v -0.148677 -0.213456 -0.196011
v -0.180392 -0.197923 -0.164959
v -0.205956 -0.198449 -0.126637
v -0.234671 -0.198103 -0.092014
v -0.263325 -0.197768 -0.057339
v -0.281086 -0.190454 -0.024788
v -0.003644 -0.154092 -0.362641
v -0.036611 -0.154092 -0.358341
v -0.089687 -0.154092 -0.299923
v -0.095582 -0.154092 -0.292898
v -0.180126 -0.134929 -0.193496
v -0.194124 -0.151590 -0.176482
v -0.223092 -0.154092 -0.141016
v -0.251842 -0.154092 -0.106422
v -0.280295 -0.154092 -0.071579
v -0.295938 -0.155329 -0.021001
v -0.304071 -0.141161 0.009280
v -0.004756 -0.113322 -0.369951
v -0.034016 -0.131124 -0.360020
v -0.092381 -0.131519 -0.298014
v -0.094672 -0.131519 -0.295284
v -0.180126 -0.131535 -0.193496
v -0.194755 -0.131361 -0.175957
v -0.223639 -0.131103 -0.141475
v -0.252588 -0.130261 -0.107047
v -0.281300 -0.128674 -0.072422
v -0.308599 -0.112094 -0.032777
v -0.314061 -0.109111 0.010144
v 0.009220 -0.064130 -0.384185
v -0.320777 -0.064130 -0.021734
v -0.320484 -0.061500 0.016208
v -0.323771 -0.044753 0.042878
v 0.008980 -0.019149 -0.383899
v -0.320443 -0.019149 -0.023736
v -0.321974 -0.016521 0.016702
v -0.323771 -0.029763 0.042878
v 0.003954 0.025832 -0.377910
v -0.263765 0.047317 -0.093573
v -0.280966 0.044076 -0.072142
v -0.308680 0.027536 -0.034670
v -0.317134 0.025832 0.010807
v -0.008703 0.069883 -0.364053
v -0.031785 0.084257 -0.360689
v -0.258185 0.070813 -0.099811
v -0.280585 0.070813 -0.071822
v -0.304039 0.070813 -0.032784
v -0.311540 0.070813 0.009850
v -0.003442 0.115794 -0.360580
v -0.034899 0.115794 -0.358079
v -0.206511 0.137991 -0.161672
v -0.223361 0.128470 -0.141242
v -0.249866 0.112617 -0.108930
v -0.280236 0.115794 -0.071529
v -0.296180 0.117831 -0.020723
v -0.303350 0.104195 0.009099
v -0.003049 0.152189 -0.356164
v -0.035268 0.161201 -0.337122
v -0.061938 0.171199 -0.299383
v -0.090584 0.176466 -0.266366
v -0.131089 0.181519 -0.239971
v -0.161442 0.177767 -0.206723
v -0.192717 0.161708 -0.171500
v -0.216990 0.160774 -0.135896
v -0.234919 0.164831 -0.092022
v -0.263389 0.159586 -0.057393
v -0.281697 0.152430 -0.024498
v -0.088559 0.191873 -0.246202
v -0.113860 0.197915 -0.225515
v -0.144214 0.199827 -0.192266
v -0.173422 0.200273 -0.158056
v -0.200132 0.197432 -0.121751
v -0.214363 0.190634 -0.094212
v 0.031898 -0.232243 -0.322792
v 0.004478 -0.240068 -0.302372
v -0.026660 -0.242939 -0.269782
v -0.054367 -0.241380 -0.234312
v -0.083318 -0.240713 -0.199887
v -0.113882 -0.242712 -0.166814
v -0.138579 -0.236302 -0.128820
v -0.167247 -0.236152 -0.094157
v -0.200163 -0.243026 -0.063058
v -0.222243 -0.234110 -0.022867
v -0.230717 -0.224055 0.002830
v 0.029831 -0.203318 -0.341701
v -0.012751 -0.220470 -0.316829
v -0.043889 -0.219919 -0.284238
v -0.071595 -0.220362 -0.248769
v -0.100547 -0.221039 -0.214344
v -0.131110 -0.221196 -0.181271
v -0.155808 -0.221267 -0.143276
v -0.184476 -0.220939 -0.108613
v -0.217392 -0.220594 -0.077515
v -0.239472 -0.220258 -0.037324
v -0.259813 -0.205500 0.005312
v -0.275730 -0.190560 0.038738
v 0.039417 -0.154092 -0.350195
v -0.288909 -0.171148 0.007793
v -0.294765 -0.157600 0.039500
v -0.301944 -0.144051 0.072785
v 0.038136 -0.109111 -0.348669
v -0.313411 -0.109111 0.040049
v -0.318288 -0.111484 0.076264
v -0.329905 -0.098073 0.107211
v 0.041041 -0.064130 -0.352131
v -0.317004 -0.074740 0.041416
v -0.329297 -0.061500 0.060072
v -0.340152 -0.064130 0.108083
v 0.038677 -0.019149 -0.349314
v -0.319293 0.000224 0.042402
v -0.330444 -0.016521 0.059110
v -0.341598 -0.019149 0.108201
v 0.032773 0.025832 -0.342277
v -0.316792 0.025832 0.040454
v -0.321405 0.030015 0.075793
v -0.331834 0.017811 0.107368
v 0.025564 0.067135 -0.331479
v 0.028736 0.079677 -0.310463
v -0.312203 0.070813 0.038653
v -0.312726 0.070813 0.074265
v 0.031040 0.111845 -0.338006
v 0.028736 0.094219 -0.310463
v -0.289810 0.134182 0.007840
v -0.294983 0.121171 0.039490
v -0.301693 0.108160 0.072970
v 0.029115 0.164619 -0.342232
v -0.014143 0.182447 -0.317997
v -0.044587 0.182360 -0.284824
v -0.062457 0.182059 -0.263446
v -0.227875 0.182529 -0.066405
v -0.245199 0.182077 -0.042129
v -0.267752 0.167832 0.007004
v -0.276792 0.153246 0.038978
v 0.031634 0.195426 -0.324783
v 0.003085 0.202997 -0.303541
v -0.027358 0.204920 -0.270368
v -0.058923 0.205695 -0.239798
v -0.085307 0.219271 -0.201555
v -0.114220 0.221786 -0.167098
v -0.143133 0.222080 -0.132641
v -0.171560 0.221123 -0.092854
v -0.199432 0.209365 -0.066337
v -0.227970 0.203308 -0.027672
v -0.245694 0.195146 0.006168
v -0.169388 0.229420 -0.068177
v -0.170990 0.229420 -0.066269
v -0.107097 -0.276821 -0.086645
v -0.132286 -0.282156 -0.064821
v -0.163075 -0.284611 -0.031937
v -0.191004 -0.283312 0.003346
v -0.205009 -0.275352 0.032463
v 0.094999 -0.232848 -0.329206
v 0.064274 -0.243657 -0.313485
v 0.035890 -0.261743 -0.276014
v 0.006977 -0.264199 -0.241557
v -0.021936 -0.263005 -0.207100
v -0.050849 -0.262721 -0.172642
v -0.079762 -0.264844 -0.138185
v -0.108837 -0.260162 -0.106152
v -0.149515 -0.258643 -0.079278
v -0.180303 -0.265517 -0.046394
v -0.208232 -0.256600 -0.011111
v -0.225139 -0.243399 0.031114
v -0.237398 -0.232755 0.067036
v 0.094999 -0.210291 -0.329206
v 0.075599 -0.196807 -0.326983
v -0.245270 -0.220547 0.029765
v -0.260215 -0.205028 0.069396
v -0.268990 -0.189508 0.101674
v 0.074504 -0.154092 -0.322033
v -0.283032 -0.174038 0.071757
v -0.288817 -0.158179 0.103991
v -0.294374 -0.142321 0.135952
v 0.073110 -0.109111 -0.320371
v -0.308644 -0.128060 0.106307
v -0.315024 -0.111691 0.138734
v -0.320605 -0.095321 0.170209
v 0.075246 -0.064130 -0.322917
v -0.335750 -0.064130 0.141136
v -0.331614 -0.064130 0.171196
v 0.067587 -0.019149 -0.313790
v -0.338220 -0.019149 0.140394
v -0.335002 -0.019149 0.171549
v 0.061838 0.025832 -0.306938
v -0.313502 0.047798 0.105806
v -0.319504 0.032501 0.138471
v -0.325123 0.017204 0.170679
v 0.057768 0.067135 -0.304163
v 0.036708 0.079677 -0.303773
v -0.311642 0.070813 0.104534
v -0.309726 0.070813 0.137239
v 0.063410 0.111845 -0.310886
v 0.036708 0.094219 -0.303773
v -0.284863 0.138147 0.071351
v -0.291030 0.122878 0.102678
v -0.299183 0.107610 0.136373
v 0.096465 0.183105 -0.313472
v 0.080713 0.165177 -0.322588
v -0.255792 0.183234 0.036841
v -0.262800 0.167466 0.068452
v -0.270813 0.151698 0.101258
v 0.096465 0.183424 -0.313472
v 0.068705 0.204418 -0.314186
v 0.025301 0.225487 -0.284900
v 0.008458 0.227380 -0.240808
v -0.021277 0.227321 -0.209257
v -0.062147 0.227110 -0.182122
v -0.093966 0.227714 -0.150103
v -0.125016 0.227563 -0.117439
v -0.148777 0.227474 -0.090028
v -0.189087 0.228095 -0.042308
v -0.211998 0.225799 -0.014270
v -0.234420 0.211235 0.035167
v -0.240737 0.197336 0.065552
v 0.065858 0.241815 -0.297940
v 0.042529 0.241897 -0.270443
v 0.030568 0.232879 -0.242157
v -0.018989 0.237091 -0.189572
v -0.044918 0.242792 -0.167665
v -0.076737 0.246578 -0.135647
v -0.107787 0.249478 -0.102982
v -0.143193 0.246349 -0.069050
v -0.166624 0.251118 -0.040349
v -0.195864 0.254970 0.001061
v -0.213048 0.242800 0.033493
v -0.163438 0.280970 -0.015419
v -0.175901 0.280970 -0.000565
v -0.100949 -0.320352 -0.021912
v -0.128089 -0.328741 -0.002581
v -0.158392 -0.330622 0.030710
v -0.174213 -0.322861 0.061637
v 0.129320 -0.279733 -0.302930
v 0.100560 -0.287137 -0.280468
v 0.072294 -0.286280 -0.245468
v 0.049003 -0.279076 -0.206293
v 0.023976 -0.273988 -0.168575
v -0.008389 -0.278483 -0.137013
v -0.042654 -0.285492 -0.107047
v -0.076368 -0.290056 -0.078907
v -0.102931 -0.305606 -0.041964
v -0.145318 -0.307101 -0.017037
v -0.175621 -0.305803 0.016254
v -0.194806 -0.292003 0.062263
v -0.204165 -0.278667 0.096155
v 0.126239 -0.246326 -0.319034
v 0.083332 -0.263662 -0.294924
v 0.055065 -0.265728 -0.259924
v 0.031774 -0.265314 -0.220750
v 0.006748 -0.265678 -0.183031
v -0.025617 -0.266061 -0.151470
v -0.059883 -0.266185 -0.121504
v -0.079649 -0.266242 -0.102760
v -0.215398 -0.262742 0.062890
v -0.220990 -0.246270 0.095768
v 0.126789 -0.196807 -0.312638
v 0.103543 -0.180303 -0.307107
v -0.231119 -0.219506 0.112173
v -0.246687 -0.197016 0.130726
v 0.130238 -0.170961 -0.292270
v 0.107880 -0.155217 -0.290103
v -0.261143 -0.173268 0.147954
v -0.277875 -0.151515 0.167752
v -0.284701 -0.139223 0.199117
v 0.104146 -0.109111 -0.287381
v -0.299841 -0.125309 0.170509
v -0.302622 -0.109833 0.197245
v 0.110716 -0.064130 -0.295210
v -0.314228 -0.061447 0.215354
v -0.307047 -0.044664 0.232878
v 0.104881 -0.019149 -0.288256
v -0.316106 -0.017933 0.217592
v -0.307047 -0.032117 0.232878
v 0.104144 0.025832 -0.287379
v -0.307674 0.047191 0.169153
v -0.309901 0.029651 0.199504
v 0.100986 0.075244 -0.277035
v 0.101670 0.093192 -0.250137
v -0.305197 0.070813 0.170398
v -0.300621 0.070813 0.199934
v 0.101018 0.111434 -0.277072
v 0.101670 0.093535 -0.250137
v -0.276098 0.137597 0.135969
v -0.282724 0.121075 0.167521
v -0.289686 0.104552 0.199475
v 0.120850 0.172171 -0.307287
v 0.111311 0.149680 -0.295919
v -0.240451 0.181686 0.104938
v -0.249059 0.165267 0.132797
v -0.260662 0.148848 0.164225
v 0.121794 0.201353 -0.314997
v 0.095912 0.213411 -0.311867
v 0.015774 0.227917 -0.215426
v 0.007955 0.227917 -0.206109
v -0.220550 0.227323 0.066344
v -0.222795 0.207403 0.099784
v -0.222021 0.187483 0.129626
v 0.129154 0.242800 -0.304832
v 0.098360 0.253883 -0.287070
v 0.070347 0.263550 -0.247101
v 0.038712 0.247467 -0.215422
v 0.010891 0.248764 -0.182266
v -0.016392 0.262988 -0.143729
v -0.045305 0.268711 -0.109272
v -0.074682 0.272102 -0.080121
v -0.119329 0.272485 -0.053949
v -0.137841 0.272815 -0.033086
v -0.188459 0.272787 0.028043
v -0.205390 0.254970 0.055692
v -0.208404 0.250736 0.095291
v -0.073143 0.286954 -0.062536
v -0.102100 0.294763 -0.039492
v -0.132565 0.299585 -0.012572
v -0.166198 0.298904 0.027912
v -0.184875 0.288944 0.067207
v -0.197466 0.280559 0.095558
v -0.127290 0.328084 0.007943
v -0.143937 0.328084 0.027782
v -0.095836 -0.369412 0.035823
v -0.113281 -0.369412 0.056613
v -0.038253 -0.316542 -0.021953
v -0.067085 -0.328796 -0.011886
v -0.097645 -0.352253 0.018025
v -0.131243 -0.353692 0.058065
v -0.157235 -0.332225 0.093433
v -0.164162 -0.319861 0.124569
v 0.161622 -0.287364 -0.285901
v 0.133718 -0.309141 -0.252645
v 0.104805 -0.308519 -0.218188
v 0.075892 -0.300124 -0.183731
v 0.046978 -0.294587 -0.149273
v 0.018065 -0.300252 -0.114816
v -0.010848 -0.307716 -0.080359
v -0.039965 -0.310816 -0.044206
v -0.067874 -0.310831 -0.033304
v -0.179574 -0.308655 0.096284
v -0.183749 -0.291810 0.125030
v 0.175033 -0.244053 -0.301882
v -0.196992 -0.244053 0.141479
v 0.160217 -0.195803 -0.285964
v 0.145262 -0.178212 -0.242958
v 0.136031 -0.176707 -0.221244
v -0.198433 -0.220985 0.143196
v -0.213126 -0.198495 0.160707
v 0.138879 -0.170961 -0.285019
v 0.124329 -0.155217 -0.256003
v 0.128442 -0.154092 -0.227378
v -0.227583 -0.175770 0.177936
v -0.242153 -0.169733 0.195300
v -0.267246 -0.148055 0.225205
v 0.125963 -0.110420 -0.248714
v 0.126218 -0.126286 -0.229233
v -0.280775 -0.109111 0.241328
v 0.135533 -0.062340 -0.249377
v 0.134552 -0.046154 -0.221260
v -0.284596 -0.075869 0.245881
v -0.293090 -0.053378 0.256004
v 0.136105 -0.022136 -0.250058
v 0.134552 -0.039121 -0.221260
v -0.302624 -0.002130 0.232498
v -0.300579 -0.017933 0.258004
v 0.141451 0.025832 -0.261861
v -0.288138 0.030017 0.243177
v -0.289041 0.017814 0.262962
v 0.129922 0.066585 -0.248122
v 0.119148 0.089075 -0.235281
v -0.282558 0.070813 0.243452
v 0.117676 0.123522 -0.250987
v 0.120813 0.111434 -0.233746
v -0.212819 0.137730 0.190467
v -0.241334 0.135441 0.198404
v -0.269044 0.112655 0.227347
v 0.151608 0.168632 -0.286099
v 0.141329 0.153614 -0.253186
v 0.133484 0.138596 -0.223175
v -0.221126 0.162615 0.174321
v -0.242637 0.148848 0.179350
v 0.166074 0.204745 -0.284490
v 0.164982 0.189078 -0.255385
v -0.196881 0.219454 0.141348
v -0.207571 0.196964 0.154087
v 0.159360 0.245711 -0.283204
v 0.133718 0.267487 -0.252645
v 0.104805 0.271910 -0.218188
v 0.075892 0.270928 -0.183731
v 0.046978 0.269302 -0.149273
v 0.018065 0.270695 -0.114816
v -0.011188 0.272866 -0.083979
v -0.040877 0.273031 -0.074607
v -0.192945 0.250736 0.136657
v -0.009567 0.284928 -0.065269
v -0.039322 0.297074 -0.050451
v -0.069297 0.317038 -0.017699
v -0.100391 0.318201 -0.008632
v -0.155303 0.316838 0.057391
v -0.161389 0.312501 0.092403
v -0.180391 0.289611 0.121695
v -0.067864 0.333021 -0.000745
v -0.098161 0.341977 0.016700
v -0.131108 0.341794 0.056314
v -0.144250 0.332716 0.090871
v -0.033654 -0.369779 0.029982
v -0.063694 -0.380127 0.046513
v -0.097423 -0.380619 0.086444
v -0.109347 -0.370600 0.119747
v 0.026333 -0.311859 -0.020239
v -0.002935 -0.323530 -0.013135
v -0.034988 -0.350286 0.012303
v -0.065919 -0.356451 0.021781
v -0.122132 -0.356340 0.088332
v -0.126665 -0.351760 0.121293
v -0.145977 -0.328207 0.150660
v 0.186053 -0.281115 -0.257269
v 0.174006 -0.292515 -0.224024
v 0.139262 -0.309965 -0.189275
v 0.110349 -0.308830 -0.154818
v 0.081436 -0.308230 -0.120360
v 0.052523 -0.309903 -0.085903
v 0.024135 -0.311130 -0.045396
v -0.003204 -0.311422 -0.031689
v -0.160120 -0.289034 0.167514
v 0.194707 -0.244053 -0.257966
v 0.197845 -0.244053 -0.226718
v -0.163696 -0.244053 0.171777
v 0.183825 -0.208618 -0.256964
v 0.173407 -0.196102 -0.224720
v 0.153034 -0.176956 -0.205687
v -0.164010 -0.221186 0.172151
v -0.180447 -0.197111 0.194126
v -0.182849 -0.181311 0.221905
v 0.151302 -0.154092 -0.203624
v -0.202681 -0.175643 0.198888
v -0.205462 -0.175302 0.223937
v -0.241533 -0.156334 0.259852
v -0.251549 -0.144030 0.291990
v 0.159214 -0.095308 -0.213052
v 0.151987 -0.117798 -0.204440
v -0.252064 -0.106134 0.272402
v -0.251549 -0.119143 0.291990
v 0.159214 -0.076496 -0.213052
v 0.152980 -0.054005 -0.205623
v -0.249772 -0.083826 0.274358
v -0.263767 -0.061335 0.291036
v 0.153516 -0.009134 -0.222073
v 0.155083 -0.022136 -0.203620
v -0.277815 -0.019149 0.307778
v 0.166909 0.025477 -0.217714
v 0.168463 0.010246 -0.193234
v -0.249915 0.047643 0.274528
v -0.265113 0.025153 0.292641
v 0.161744 0.060863 -0.216067
v 0.152913 0.083353 -0.205544
v -0.249502 0.070813 0.274036
v 0.144832 0.120042 -0.188981
v 0.141759 0.137868 -0.157372
v -0.209522 0.137730 0.193233
v -0.212933 0.137413 0.224557
v -0.236196 0.115120 0.258179
v 0.166303 0.163694 -0.221502
v 0.145476 0.140680 -0.189749
v 0.141759 0.138384 -0.157372
v -0.192746 0.164198 0.200499
v -0.195302 0.151487 0.222938
v 0.180649 0.219065 -0.253915
v 0.183476 0.204745 -0.237161
v -0.163637 0.221733 0.171706
v -0.174569 0.199243 0.184734
v 0.180649 0.236978 -0.253915
v 0.173408 0.250998 -0.225163
v 0.139262 0.272362 -0.189275
v 0.110349 0.272557 -0.154818
v 0.081436 0.272599 -0.120360
v 0.052927 0.272974 -0.081177
v 0.028773 0.273102 -0.072244
v -0.163122 0.250736 0.171093
v 0.055045 0.275101 -0.056902
v 0.027816 0.290037 -0.051251
v -0.005789 0.315494 -0.022417
v -0.036291 0.317531 -0.013397
v -0.135139 0.317728 0.137744
v -0.149355 0.295237 0.154686
v -0.004265 0.332119 -0.004912
v -0.034402 0.347564 0.011980
v -0.074706 0.363003 0.042213
v -0.106143 0.362773 0.074553
v -0.125155 0.344905 0.120901
v -0.032513 0.371530 0.037356
v -0.057477 0.377837 0.056670
v -0.088914 0.381066 0.089009
v -0.107196 0.375836 0.119527
v 0.001763 -0.411055 0.064536
v -0.023124 -0.416708 0.085495
v -0.043709 -0.412213 0.117141
v 0.031328 -0.360880 0.037408
v 0.003101 -0.380323 0.043668
v -0.040353 -0.398842 0.071039
v -0.061933 -0.399863 0.117512
v -0.085669 -0.378321 0.148765
v 0.049039 -0.319908 -0.011773
v 0.029349 -0.345018 0.014540
v 0.004439 -0.356170 0.022800
v -0.100126 -0.353572 0.165994
v -0.113426 -0.331082 0.181845
v 0.232476 -0.280373 -0.217175
v 0.202197 -0.291850 -0.200369
v 0.173719 -0.309588 -0.160362
v 0.144806 -0.309642 -0.125904
v 0.115893 -0.309285 -0.091447
v 0.086980 -0.310027 -0.056990
v 0.063495 -0.311091 -0.029002
v -0.127510 -0.289034 0.198629
v 0.232476 -0.252017 -0.217175
v 0.213167 -0.239835 -0.213443
v -0.128634 -0.244053 0.199970
v 0.201889 -0.201016 -0.193933
v 0.179338 -0.178183 -0.160467
v 0.175820 -0.176659 -0.128555
v -0.129007 -0.220179 0.200413
v -0.147887 -0.196305 0.220462
v -0.175333 -0.181311 0.228212
v 0.175027 -0.157245 -0.155330
v 0.175820 -0.174341 -0.128555
v -0.148413 -0.174236 0.242782
v -0.173386 -0.174319 0.250852
v -0.202151 -0.173336 0.287584
v -0.235057 -0.155101 0.322717
v -0.245024 -0.143684 0.355200
v 0.193945 -0.095607 -0.184466
v 0.182787 -0.118098 -0.171169
v -0.213328 -0.088775 0.300903
v -0.235057 -0.108365 0.322717
v -0.245024 -0.119989 0.355200
v 0.195069 -0.066816 -0.184472
v 0.177451 -0.053613 -0.185915
v -0.213328 -0.075010 0.300903
v -0.223618 -0.052520 0.313167
v 0.203295 -0.019149 -0.172189
v 0.181898 -0.019149 -0.181679
v -0.236518 -0.019149 0.328540
v 0.197953 0.025477 -0.185835
v 0.179045 0.010246 -0.184355
v -0.213144 0.045864 0.300685
v -0.229507 0.023373 0.320185
v 0.196740 0.061651 -0.187797
v 0.186558 0.084141 -0.175662
v -0.216056 0.068247 0.299340
v -0.216647 0.081530 0.320159
v 0.172101 0.114375 -0.158433
v 0.156508 0.136866 -0.139850
v -0.142007 0.138026 0.249685
v -0.172483 0.137532 0.258499
v -0.206393 0.122793 0.287687
v -0.231065 0.112837 0.325396
v -0.245927 0.125860 0.355249
v 0.187283 0.171852 -0.193230
v 0.178142 0.159062 -0.161660
v 0.156508 0.139080 -0.139850
v -0.117793 0.182816 0.211039
v -0.143844 0.167151 0.223654
v -0.173828 0.151487 0.240957
v -0.200269 0.147037 0.306787
v -0.226036 0.154190 0.326260
v -0.245927 0.150739 0.355249
v 0.231211 0.216247 -0.215878
v 0.205366 0.200003 -0.199929
v 0.202215 0.183759 -0.164373
v -0.128925 0.205611 0.200714
v -0.145681 0.190522 0.197623
v 0.231051 0.250736 -0.221743
v 0.192184 0.255092 -0.209408
v 0.161160 0.272841 -0.170900
v 0.142254 0.272894 -0.124667
v 0.117477 0.272998 -0.089572
v 0.084619 0.273123 -0.071232
v -0.128575 0.250736 0.199899
v 0.233069 0.283078 -0.211507
v 0.207030 0.289781 -0.191129
v 0.178389 0.288823 -0.156444
v 0.161676 0.281801 -0.125690
v 0.120381 0.276667 -0.067199
v 0.086672 0.283319 -0.052861
v 0.058067 0.305198 -0.022532
v 0.042799 0.317654 -0.004337
v -0.100646 0.317668 0.166615
v -0.114855 0.295178 0.183548
v 0.028342 0.339457 0.012892
v 0.011045 0.361947 0.033506
v -0.098955 0.340698 0.164599
v -0.003411 0.379933 0.050734
v -0.028482 0.401290 0.079661
v -0.059077 0.404028 0.116123
v -0.084807 0.383355 0.147738
v -0.026507 0.416712 0.099998
v -0.038948 0.416712 0.114825
v 0.032031 -0.419834 0.078473
v 0.005785 -0.439003 0.109753
v -0.029455 -0.422672 0.144765
v -0.038020 -0.411237 0.173642
v 0.058109 -0.370487 0.047395
v 0.046488 -0.392978 0.061245
v -0.054796 -0.401484 0.146983
v -0.054640 -0.383493 0.174780
v 0.089139 -0.328666 0.010415
v 0.072565 -0.351156 0.030167
v -0.061782 -0.336818 0.194566
v -0.082235 -0.323694 0.198476
v 0.263426 -0.287347 -0.197292
v 0.237090 -0.308436 -0.165906
v 0.208177 -0.309431 -0.131449
v 0.179264 -0.303671 -0.096991
v 0.150350 -0.297081 -0.062534
v 0.121437 -0.299030 -0.028077
v 0.103596 -0.306313 -0.006814
v -0.048378 -0.289034 0.205655
v -0.081249 -0.289034 0.209840
v 0.263426 -0.247529 -0.197292
v 0.242093 -0.225243 -0.166865
v 0.236995 -0.223062 -0.134128
v -0.048531 -0.244053 0.207682
v -0.081106 -0.244053 0.211514
v 0.224305 -0.208786 -0.165657
v 0.212793 -0.197114 -0.131947
v 0.184959 -0.178336 -0.097673
v 0.181110 -0.177491 -0.065690
v -0.050126 -0.219238 0.209323
v -0.079923 -0.204688 0.221441
v -0.110973 -0.190137 0.235052
v -0.223839 -0.184829 0.405503
v -0.235115 -0.184829 0.418941
v 0.198056 -0.142584 -0.119387
v 0.184959 -0.167182 -0.097673
v 0.181110 -0.176259 -0.065690
v -0.076727 -0.154092 0.241117
v -0.110649 -0.157182 0.251708
v -0.140667 -0.151652 0.280457
v -0.168395 -0.153157 0.315908
v -0.198651 -0.151655 0.349239
v -0.225377 -0.156047 0.387949
v -0.235115 -0.168409 0.418941
v 0.222474 -0.096698 -0.161958
v 0.217438 -0.110660 -0.136572
v -0.076891 -0.109111 0.242456
v -0.095188 -0.109111 0.259900
v -0.126678 -0.109111 0.292195
v -0.168005 -0.104816 0.318714
v -0.198651 -0.111900 0.349239
v -0.226915 -0.119989 0.370395
v 0.223230 -0.064130 -0.162153
v 0.232731 -0.064130 -0.138486
v -0.078058 -0.064130 0.244047
v -0.094654 -0.064130 0.260348
v -0.126523 -0.064130 0.292325
v -0.174568 -0.060155 0.313207
v -0.199269 -0.042512 0.320489
v 0.228479 -0.021470 -0.157774
v 0.231260 -0.038010 -0.139182
v -0.078179 -0.038707 0.244646
v -0.094159 -0.021887 0.259618
v -0.125251 -0.019149 0.293392
v -0.161372 -0.019149 0.321802
v -0.198162 -0.019149 0.332999
v 0.234422 0.025832 -0.162727
v -0.078180 0.047525 0.244774
v -0.094080 0.029852 0.259684
v -0.127468 0.025832 0.291532
v -0.169123 0.028594 0.316977
v -0.197866 0.015441 0.336356
v 0.227831 0.056411 -0.154871
v 0.219570 0.078902 -0.145027
v -0.077918 0.070813 0.244181
v -0.094034 0.070813 0.260868
v -0.126174 0.070813 0.292617
v -0.169244 0.068247 0.316874
v -0.197907 0.081530 0.335884
v 0.205114 0.111336 -0.127798
v 0.182523 0.134621 -0.095921
v 0.180314 0.138123 -0.066661
v -0.078027 0.115794 0.243725
v -0.109864 0.120137 0.253284
v -0.139456 0.115197 0.281473
v -0.168241 0.119969 0.314869
v -0.197064 0.115248 0.355867
v -0.230566 0.120073 0.385098
v -0.242878 0.124016 0.418880
v 0.202201 0.169946 -0.124327
v 0.182523 0.145916 -0.095921
v 0.180314 0.138774 -0.066661
v -0.049459 0.182968 0.210031
v -0.080105 0.167898 0.223095
v -0.111050 0.152828 0.236515
v -0.186858 0.147037 0.318040
v -0.197485 0.153206 0.353218
v -0.230566 0.156520 0.385098
v -0.242878 0.152561 0.418880
v 0.251232 0.216247 -0.199078
v 0.237151 0.210974 -0.161774
v 0.216657 0.193165 -0.141555
v -0.049340 0.205755 0.209337
v -0.081013 0.205755 0.212095
v 0.266861 0.247756 -0.197181
v 0.258316 0.230776 -0.160868
v 0.169632 0.271359 -0.085512
v 0.148647 0.271232 -0.063418
v 0.140655 0.272393 -0.032512
v -0.048481 0.250736 0.208037
v -0.081067 0.250736 0.211882
v 0.262311 0.289972 -0.195963
v 0.237090 0.309636 -0.165906
v 0.208177 0.305092 -0.131449
v 0.184088 0.285428 -0.102741
v 0.126387 0.276667 -0.062159
v 0.120294 0.286414 -0.029629
v 0.092122 0.311227 0.006037
v 0.065522 0.318022 0.013862
v -0.061178 0.299879 0.196004
v -0.081957 0.287659 0.201740
v 0.093701 0.325711 0.026931
v 0.064991 0.344163 0.033616
v 0.032252 0.362615 0.045101
v -0.063955 0.340698 0.192865
v 0.064460 0.376787 0.053370
v 0.033960 0.391974 0.065913
v -0.000254 0.407160 0.082881
v -0.051245 0.407417 0.143652
v -0.057015 0.389726 0.178151
v 0.035667 0.422463 0.086724
v 0.003270 0.430834 0.106304
v -0.027324 0.430710 0.142767
v -0.040431 0.422257 0.177417
v 0.070169 -0.459983 0.116775
v 0.041170 -0.467556 0.139444
v 0.022418 -0.461070 0.171970
v 0.099144 -0.414259 0.083344
v 0.069035 -0.430313 0.095351
v 0.023941 -0.446272 0.124988
v 0.005083 -0.428771 0.176831
v -0.018936 -0.411237 0.189656
v 0.096770 -0.383058 0.066228
v 0.067901 -0.400761 0.073927
v 0.010753 -0.378996 0.198949
v -0.018212 -0.378996 0.198479
v 0.298830 -0.320262 -0.154874
v 0.287571 -0.320262 -0.141456
v 0.112241 -0.323536 0.036565
v 0.110287 -0.336724 0.059408
v 0.076488 -0.312039 0.128886
v 0.056454 -0.313670 0.152269
v 0.023545 -0.330925 0.187408
v -0.018118 -0.334015 0.201422
v 0.291432 -0.291622 -0.162439
v 0.276546 -0.293920 -0.140474
v 0.241348 -0.287570 -0.103614
v 0.208158 -0.281811 -0.072746
v 0.174380 -0.275427 -0.042370
v 0.146767 -0.277137 -0.006823
v 0.127608 -0.289528 0.032260
v 0.113095 -0.289946 0.083556
v 0.086028 -0.289946 0.117737
v 0.056182 -0.289034 0.152041
v 0.024738 -0.289034 0.184375
v -0.018107 -0.289034 0.201697
v 0.284033 -0.255718 -0.170005
v 0.268276 -0.248303 -0.139737
v 0.246291 -0.240454 -0.103839
v 0.222720 -0.244053 -0.060527
v 0.189678 -0.244053 -0.029534
v 0.163571 -0.244053 0.007278
v 0.143653 -0.247081 0.043877
v 0.114991 -0.257167 0.083951
v 0.085013 -0.242521 0.119631
v 0.056713 -0.244053 0.152487
v 0.026114 -0.244053 0.185530
v -0.017901 -0.244053 0.204025
v 0.229321 -0.208507 -0.101421
v 0.211054 -0.201207 -0.070316
v 0.193558 -0.198862 -0.035000
v 0.172699 -0.220478 0.014937
v 0.158258 -0.221446 0.032956
v 0.074797 -0.221424 0.132041
v 0.056985 -0.220461 0.152714
v 0.025329 -0.202772 0.190660
v -0.018112 -0.202176 0.212823
v -0.047727 -0.189251 0.228262
v -0.211158 -0.184829 0.416144
v -0.222434 -0.184829 0.429582
v 0.230461 -0.135186 -0.088028
v 0.213721 -0.155697 -0.068078
v 0.198478 -0.174603 -0.049912
v 0.014157 -0.176448 0.204717
v -0.004958 -0.158509 0.222697
v -0.047039 -0.154092 0.236669
v -0.211158 -0.168409 0.416144
v -0.222434 -0.168409 0.429582
v 0.271489 -0.099634 -0.124665
v 0.244072 -0.112421 -0.110890
v -0.015996 -0.109111 0.236276
v -0.046971 -0.109111 0.238202
v 0.270749 -0.064130 -0.134586
v 0.239733 -0.064130 -0.132611
v -0.015291 -0.064130 0.238312
v -0.046821 -0.064130 0.240899
v 0.268360 -0.021470 -0.139385
v 0.239413 -0.038010 -0.132340
v -0.014950 -0.034115 0.238825
v -0.045902 -0.021417 0.245771
v -0.077388 -0.008719 0.253355
v 0.275059 0.025832 -0.141178
v -0.015108 0.038779 0.238589
v -0.046038 0.028159 0.245721
v -0.077388 0.017538 0.253355
v 0.263832 0.058814 -0.127798
v 0.254158 0.081305 -0.116269
v -0.015977 0.070813 0.237693
v -0.047537 0.070813 0.240315
v 0.239701 0.111224 -0.099040
v 0.213721 0.133195 -0.068078
v 0.199110 0.137764 -0.050665
v -0.015121 0.115794 0.236972
v -0.047210 0.115794 0.240225
v -0.188689 0.134624 0.382171
v -0.197998 0.124838 0.408505
v -0.221008 0.124016 0.437231
v 0.216162 0.179538 -0.100217
v 0.206157 0.169592 -0.074425
v 0.194546 0.161018 -0.035026
v 0.187551 0.183261 -0.001914
v 0.020618 0.181583 0.196796
v -0.016258 0.167282 0.217224
v -0.047473 0.152981 0.230908
v -0.188689 0.141945 0.382171
v -0.197998 0.151738 0.408505
v -0.221008 0.152561 0.437231
v 0.243093 0.225959 -0.134496
v 0.231597 0.208881 -0.108822
v 0.219386 0.205755 -0.063325
v 0.198798 0.205755 -0.021882
v 0.175220 0.208825 0.011208
v 0.143597 0.225738 0.049236
v 0.114677 0.227189 0.083688
v 0.085462 0.226690 0.117892
v 0.069933 0.226618 0.136667
v 0.019436 0.205755 0.197259
v -0.017700 0.205755 0.206527
v 0.287677 0.260763 -0.169097
v 0.266373 0.247756 -0.137255
v 0.245365 0.250736 -0.100244
v 0.210354 0.253825 -0.070377
v 0.182650 0.248350 -0.035431
v 0.155200 0.254734 -0.000339
v 0.138308 0.250736 0.044798
v 0.110415 0.250736 0.080111
v 0.081743 0.250736 0.114771
v 0.058873 0.254295 0.149895
v 0.024876 0.254295 0.188831
v -0.017862 0.250736 0.204370
v 0.287677 0.285701 -0.169097
v 0.270577 0.293081 -0.137807
v 0.237922 0.289495 -0.106489
v 0.211594 0.280921 -0.088558
v 0.134909 0.280261 0.001813
v 0.122764 0.295440 0.031749
v 0.109366 0.294304 0.077377
v 0.081824 0.294304 0.116705
v 0.055906 0.295717 0.151809
v 0.025145 0.295717 0.184716
v -0.018033 0.295717 0.202310
v 0.105882 0.325711 0.037151
v 0.109152 0.340702 0.056565
v 0.074105 0.320026 0.131045
v 0.056271 0.329104 0.152116
v 0.028646 0.343826 0.183637
v -0.017863 0.340698 0.203862
v 0.096188 0.389340 0.067239
v 0.067817 0.406774 0.074555
v 0.021704 0.364877 0.194708
v -0.015969 0.382194 0.212030
v 0.099125 0.420507 0.083896
v 0.069015 0.436479 0.095507
v 0.023710 0.452583 0.124794
v -0.005021 0.452428 0.159404
v -0.021560 0.434614 0.206725
v 0.070213 0.466939 0.116459
v 0.040714 0.479416 0.138346
v 0.011234 0.479224 0.173775
v -0.004884 0.466619 0.206449
v 0.041948 0.506549 0.158477
v 0.031123 0.506549 0.171378
v 0.104988 -0.502767 0.148869
v 0.077136 -0.510628 0.169624
v 0.057257 -0.505702 0.200904
v 0.102577 -0.472569 0.130792
v 0.059907 -0.490047 0.155167
v 0.041159 -0.473221 0.201078
v 0.119650 -0.414259 0.100551
v 0.120150 -0.427142 0.119334
v 0.077123 -0.403926 0.198416
v 0.047429 -0.420942 0.206319
v 0.129343 -0.378996 0.099522
v 0.122207 -0.374761 0.143020
v 0.087457 -0.374761 0.183822
v 0.045467 -0.378996 0.198718
v 0.315573 -0.320262 -0.140825
v 0.304314 -0.320262 -0.127407
v 0.121537 -0.334015 0.099628
v 0.102302 -0.329826 0.131393
v 0.072986 -0.336161 0.166141
v 0.044564 -0.343858 0.188161
v 0.315573 -0.302794 -0.140825
v 0.304314 -0.302794 -0.127407
v 0.109241 -0.305548 0.100692
v 0.101101 -0.305548 0.110393
v 0.148615 -0.234105 0.064010
v 0.125341 -0.234677 0.092635
v 0.098070 -0.226506 0.112425
v 0.206811 -0.190246 -0.003634
v 0.189326 -0.197987 0.028889
v 0.165984 -0.203500 0.062615
v 0.142218 -0.199072 0.106797
v 0.101084 -0.203487 0.133116
v 0.073554 -0.197970 0.166618
v 0.043849 -0.190244 0.190486
v 0.251991 -0.134489 -0.069092
v 0.250195 -0.148819 -0.042804
v 0.224467 -0.173442 -0.005172
v 0.206555 -0.175528 0.043345
v 0.178124 -0.174800 0.078207
v 0.149403 -0.164958 0.112826
v 0.122653 -0.150505 0.144547
v 0.090491 -0.154092 0.180830
v 0.044824 -0.158509 0.207018
v 0.015735 -0.146461 0.223502
v 0.304675 -0.107043 -0.106495
v 0.274705 -0.129895 -0.072013
v 0.272664 -0.131514 -0.047078
v 0.114743 -0.130817 0.154449
v 0.088943 -0.113138 0.185004
v 0.061583 -0.109111 0.215291
v 0.016640 -0.109111 0.234302
v 0.318174 -0.064130 -0.122582
v 0.077704 -0.079897 0.198794
v 0.063263 -0.064594 0.215268
v 0.016644 -0.064130 0.235750
v 0.317873 -0.019149 -0.122224
v 0.053407 -0.019149 0.226670
v 0.012459 -0.019133 0.238467
v -0.014198 -0.004128 0.246415
v 0.317960 0.025832 -0.122327
v 0.051127 0.025832 0.229539
v 0.012549 0.024604 0.238480
v -0.014198 0.008792 0.246415
v 0.305133 0.069458 -0.107042
v 0.289709 0.091949 -0.088659
v 0.080418 0.088780 0.194471
v 0.061154 0.072597 0.217325
v 0.016787 0.070813 0.235827
v 0.275252 0.112928 -0.071431
v 0.248178 0.134719 -0.039165
v 0.226769 0.137584 -0.013650
v 0.081741 0.115794 0.191809
v 0.060624 0.115794 0.214487
v 0.016650 0.115794 0.234271
v 0.212312 0.150143 0.003579
v 0.195582 0.173886 0.028294
v 0.176746 0.181547 0.077051
v 0.148907 0.180364 0.112410
v 0.119575 0.176673 0.146516
v 0.085029 0.161818 0.177648
v 0.044056 0.164264 0.198368
v 0.015710 0.151596 0.223382
v 0.177946 0.195878 0.029171
v 0.159517 0.203248 0.062594
v 0.131679 0.204699 0.097953
v 0.102347 0.204200 0.132059
v 0.073761 0.209277 0.162387
v 0.044490 0.205755 0.188923
v 0.061436 0.241674 0.168682
v 0.044622 0.241674 0.188720
v 0.114730 0.308356 0.100214
v 0.102039 0.308356 0.115338
v 0.124903 0.340698 0.099335
v 0.101985 0.337291 0.133622
v 0.066258 0.351594 0.160496
v 0.043122 0.360905 0.173533
v 0.127815 0.385679 0.099360
v 0.119613 0.383703 0.143403
v 0.083342 0.383703 0.177454
v 0.043896 0.382194 0.196434
v 0.015721 0.394865 0.223297
v 0.118613 0.420507 0.100248
v 0.118451 0.433564 0.120435
v 0.079235 0.409125 0.195330
v 0.061265 0.411864 0.215024
v 0.019422 0.428544 0.238710
v 0.102409 0.479416 0.128675
v 0.068613 0.496926 0.141706
v 0.018703 0.496606 0.200102
v 0.013091 0.479224 0.234470
v 0.104682 0.511924 0.145373
v 0.072156 0.520284 0.164729
v 0.042210 0.520704 0.199767
v 0.028141 0.512623 0.235506
v 0.139185 -0.549844 0.174819
v 0.110708 -0.556899 0.197794
v 0.092395 -0.550307 0.229882
v 0.135650 -0.516232 0.159391
v 0.101493 -0.515580 0.202103
v 0.085910 -0.513942 0.224693
v 0.142038 -0.465277 0.163884
v 0.122315 -0.465277 0.212648
v 0.080129 -0.468957 0.227672
v 0.137229 -0.423977 0.162000
v 0.108346 -0.420942 0.201350
v 0.079061 -0.433913 0.216901
v 0.127035 -0.386932 0.162841
v 0.108171 -0.386932 0.185323
v 0.270213 -0.144731 -0.009989
v 0.252385 -0.151903 0.023083
v 0.224361 -0.153037 0.058287
v 0.194190 -0.152309 0.091688
v 0.157610 -0.142468 0.119712
v 0.135245 -0.133121 0.132507
v 0.339779 -0.108038 -0.078352
v 0.311549 -0.130156 -0.044709
v 0.287856 -0.130813 -0.011203
v 0.269614 -0.129898 0.037540
v 0.238841 -0.112737 0.076180
v 0.211260 -0.109111 0.106012
v 0.174539 -0.109111 0.133918
v 0.136902 -0.113138 0.156504
v 0.107796 -0.100829 0.184899
v 0.370905 -0.051751 -0.096096
v 0.352879 -0.065699 -0.096349
v 0.227670 -0.086534 0.090207
v 0.212967 -0.083990 0.107444
v 0.182386 -0.066575 0.143606
v 0.153335 -0.064130 0.174843
v 0.104229 -0.064594 0.197830
v 0.078165 -0.049910 0.207245
v 0.370501 -0.019149 -0.100618
v 0.343758 -0.019149 -0.103736
v 0.173417 -0.019149 0.154590
v 0.153759 -0.019149 0.175200
v 0.118465 -0.019149 0.204303
v 0.079187 -0.019149 0.218942
v 0.371194 0.011688 -0.092687
v 0.354006 0.026341 -0.095441
v 0.200651 0.045902 0.122291
v 0.182815 0.028878 0.143305
v 0.154621 0.025832 0.175923
v 0.122073 0.025832 0.207330
v 0.079543 0.025832 0.224024
v 0.340002 0.070033 -0.078618
v 0.318335 0.092524 -0.052796
v 0.205241 0.070813 0.116529
v 0.183781 0.070813 0.141673
v 0.151565 0.070813 0.173358
v 0.106919 0.072597 0.196127
v 0.078639 0.058793 0.214020
v 0.303878 0.103852 -0.035568
v 0.282636 0.122177 -0.010252
v 0.248082 0.133957 0.024700
v 0.233065 0.128712 0.065590
v 0.213253 0.113629 0.105029
v 0.181720 0.115794 0.139943
v 0.146884 0.115794 0.169431
v 0.108028 0.115794 0.184507
v 0.223199 0.139105 0.026877
v 0.215836 0.149054 0.051133
v 0.194585 0.159056 0.092020
v 0.164758 0.157874 0.125710
v 0.133016 0.154183 0.157794
v 0.107491 0.147521 0.177857
v 0.122044 0.397380 0.162919
v 0.107673 0.397380 0.180046
v 0.133231 0.430659 0.162069
v 0.108604 0.426735 0.198652
v 0.077418 0.434354 0.228579
v 0.049953 0.442127 0.249252
v 0.141658 0.473768 0.164102
v 0.125422 0.458459 0.210140
v 0.093113 0.472764 0.245553
v 0.050951 0.475640 0.260687
v 0.135463 0.524399 0.159467
v 0.093255 0.542000 0.183149
v 0.076724 0.527727 0.235456
v 0.050354 0.512623 0.254144
v 0.139168 0.556692 0.174595
v 0.110484 0.563834 0.197606
v 0.092083 0.557162 0.229890
v 0.159760 -0.549844 0.192083
v 0.142081 -0.556899 0.224119
v 0.113651 -0.550307 0.247717
v 0.169344 -0.513938 0.191245
v 0.142652 -0.509889 0.229712
v 0.113651 -0.522183 0.247717
v 0.159926 -0.477817 0.192057
v 0.142207 -0.477817 0.213175
v 0.363777 -0.100959 -0.048978
v 0.345654 -0.108313 -0.016092
v 0.316408 -0.108191 0.018087
v 0.286035 -0.107408 0.051319
v 0.256199 -0.100160 0.075001
v 0.401162 -0.060026 -0.081528
v 0.380908 -0.083195 -0.050597
v 0.362882 -0.083289 -0.001635
v 0.332112 -0.066105 0.034139
v 0.302398 -0.064130 0.065049
v 0.257310 -0.068576 0.091677
v 0.227010 -0.061499 0.119228
v 0.199627 -0.053212 0.140570
v 0.411795 -0.019149 -0.094200
v 0.323004 -0.019149 0.045740
v 0.304078 -0.019149 0.066459
v 0.274062 -0.019149 0.099991
v 0.240866 -0.019149 0.130854
v 0.200067 -0.019149 0.147592
v 0.400009 0.020649 -0.080154
v 0.387851 0.043139 -0.065665
v 0.349530 0.047390 0.014892
v 0.332432 0.029771 0.034608
v 0.303577 0.025832 0.066038
v 0.271037 0.025832 0.097452
v 0.226642 0.028878 0.122285
v 0.199575 0.015915 0.139423
v 0.373395 0.066762 -0.048437
v 0.342469 0.075609 -0.010625
v 0.323164 0.070813 0.023756
v 0.300157 0.070813 0.063169
v 0.264619 0.070813 0.092067
v 0.227272 0.070813 0.105656
v 0.316132 0.094571 -0.013171
v 0.306286 0.101635 0.009593
v 0.284295 0.110686 0.049859
v 0.251947 0.106222 0.081434
v 0.227933 0.097192 0.096004
v 0.155791 0.487514 0.192423
v 0.139548 0.480949 0.221993
v 0.113403 0.485839 0.245543
v 0.166406 0.520621 0.191500
v 0.155438 0.520621 0.235326
v 0.114334 0.520621 0.256066
v 0.159978 0.556692 0.192057
v 0.142275 0.563834 0.224282
v 0.113662 0.557162 0.247996
v 0.427305 -0.056043 -0.054456
v 0.408939 -0.063510 -0.021707
v 0.377566 -0.060799 0.010685
v 0.349762 -0.052429 0.031293
v 0.468462 -0.010269 -0.075906
v 0.443748 -0.021751 -0.060252
v 0.428363 -0.018603 -0.010472
v 0.392118 -0.019149 0.022896
v 0.350429 -0.019149 0.039393
v 0.468462 0.015656 -0.075906
v 0.438757 0.020173 -0.060840
v 0.416549 0.026205 -0.022645
v 0.377132 0.029771 0.015217
v 0.349995 0.017403 0.031823
v 0.393344 0.058420 -0.021430
v 0.376632 0.058420 -0.001513
v 0.487347 -0.010269 -0.060059
v 0.463191 -0.011807 -0.034903
v 0.441166 -0.003246 -0.022676
v 0.487347 0.015656 -0.060059
v 0.463191 0.013334 -0.034903
v 0.441166 0.004350 -0.022676
vn -0.451737 -0.656145 -0.604489
vn -0.759649 -0.614208 -0.213731
vn -0.377374 -0.575804 -0.725285
vn -0.687134 -0.577700 -0.440579
vn -0.789795 -0.579977 -0.199625
vn -0.087183 -0.307516 -0.947540
vn -0.594355 -0.353772 -0.722211
vn -0.744432 -0.393845 -0.539173
vn -0.596510 -0.390166 -0.701388
vn -0.730958 -0.315518 -0.605102
vn -0.884658 -0.362227 -0.293551
vn -0.963638 -0.212499 -0.162007
vn -0.094305 0.219250 -0.971100
vn -0.596746 0.140061 -0.790112
vn -0.765025 0.068027 -0.640397
vn -0.749801 0.062899 -0.658667
vn -0.747117 0.134919 -0.650855
vn -0.922191 0.048105 -0.383731
vn -0.984615 0.016261 -0.173977
vn -0.108330 0.550684 -0.827654
vn -0.453177 0.500725 -0.737499
vn -0.677729 0.497529 -0.541431
vn -0.635645 0.537899 -0.553733
vn -0.652998 0.541119 -0.529891
vn -0.764768 0.505667 -0.399289
vn -0.899797 0.371230 -0.229244
vn -0.388159 0.597435 -0.701715
vn -0.626188 0.457173 -0.631570
vn -0.376585 -0.573871 -0.727225
vn -0.864096 -0.493575 -0.098596
vn -0.240491 -0.570546 -0.785265
vn -0.608854 -0.648118 -0.457427
vn -0.758302 -0.573231 -0.310458
vn -0.946319 -0.312276 -0.083448
vn -0.492899 -0.298734 -0.817196
vn -0.902300 -0.285907 -0.322664
vn -0.314229 -0.260721 -0.912844
vn -0.742824 -0.296015 -0.600489
vn -0.943392 -0.180741 -0.278107
vn -0.953978 -0.096323 -0.283987
vn 0.146810 -0.511518 -0.846638
vn -0.290313 -0.625457 -0.724239
vn -0.680832 -0.633013 -0.368460
vn -0.365683 -0.569867 -0.735886
vn -0.587404 -0.466546 -0.661280
vn -0.825184 -0.509788 -0.243285
vn -0.682720 -0.568806 -0.458642
vn -0.655101 -0.543596 -0.524735
vn -0.670574 -0.534753 -0.514168
vn -0.785629 -0.497025 -0.368448
vn -0.931722 -0.337920 -0.133057
vn 0.333308 -0.294201 -0.895741
vn -0.083740 -0.556876 -0.826364
vn -0.836267 -0.547955 -0.020047
vn -0.428312 -0.638425 -0.639502
vn -0.822097 -0.555586 -0.124425
vn -0.844236 -0.340803 -0.413666
vn -0.765145 -0.234197 -0.599754
vn -0.773893 -0.221557 -0.593298
vn -0.886735 -0.205232 -0.414224
vn -0.980224 -0.137844 -0.141986
vn 0.390067 0.077804 -0.917494
vn -0.932470 0.074774 -0.353424
vn -0.806592 0.149501 -0.571891
vn -0.787811 0.221900 -0.574555
vn -0.875167 0.205899 -0.437822
vn -0.978796 0.140522 -0.149038
vn 0.188543 0.468622 -0.863044
vn -0.100622 0.631570 -0.768761
vn -0.811038 0.273090 -0.517339
vn -0.699022 0.407195 -0.587844
vn -0.697100 0.420010 -0.581071
vn -0.787752 0.359320 -0.500336
vn -0.889613 0.232264 -0.393246
vn -0.868722 0.219881 -0.443819
vn -0.815796 0.395305 -0.422151
vn -0.777788 0.482669 -0.402587
vn -0.893550 0.373180 -0.249611
vn 0.004751 0.503213 -0.864149
vn -0.228442 0.365564 -0.902318
vn -0.659936 0.260447 -0.704735
vn -0.742490 0.081213 -0.664916
vn -0.782116 0.039529 -0.621878
vn -0.831612 0.116905 -0.542913
vn -0.868248 0.183076 -0.461118
vn -0.917055 0.209420 -0.339343
vn -0.897029 0.283667 -0.338927
vn -0.295064 0.334622 -0.894967
vn -0.544336 0.364638 -0.755472
vn -0.654115 0.336644 -0.677351
vn -0.738829 0.281330 -0.612360
vn -0.837377 0.273256 -0.473424
vn -0.859232 0.365698 -0.357749
vn -0.890732 0.314459 -0.328196
vn -0.928832 0.203322 -0.309727
vn -0.346164 0.684826 -0.641236
vn -0.452450 0.688099 -0.567282
vn -0.451447 0.678318 -0.579724
vn -0.583679 0.606947 -0.539383
vn -0.737898 0.548141 -0.393762
vn -0.804124 0.499884 -0.321715
vn -0.001330 -0.458554 -0.888666
vn -0.316940 -0.731034 -0.604267
vn -0.587413 -0.728962 -0.351513
vn -0.321087 -0.749285 -0.579202
vn -0.203485 -0.919516 -0.336280
vn -0.451485 -0.870627 -0.195373
vn -0.679555 -0.654853 -0.330715
vn -0.633125 -0.588619 -0.502674
vn -0.639593 -0.583624 -0.500303
vn -0.718309 -0.620520 -0.314622
vn -0.793517 -0.605133 -0.064382
vn 0.160547 -0.103175 -0.981621
vn -0.163643 -0.270199 -0.948796
vn -0.939980 -0.335422 -0.062685
vn -0.384947 -0.359142 -0.850196
vn -0.880167 0.307836 -0.361306
vn -0.885028 -0.111385 -0.452016
vn -0.744414 -0.303007 -0.595008
vn -0.730061 -0.324372 -0.601492
vn -0.813915 -0.352001 -0.462210
vn -0.910187 -0.373126 -0.179825
vn -0.931076 -0.364698 0.009628
vn 0.377722 -0.297618 -0.876784
vn -0.035045 -0.392600 -0.919041
vn -0.939707 -0.337417 0.055690
vn -0.270662 -0.526390 -0.806012
vn -0.865319 -0.501001 0.014893
vn -0.674842 -0.562363 -0.477844
vn -0.688033 -0.451542 -0.568085
vn -0.699285 -0.435826 -0.566619
vn -0.757007 -0.410058 -0.508717
vn -0.931904 -0.316111 -0.177844
vn -0.976673 -0.208310 -0.052126
vn 0.551837 -0.179107 -0.814492
vn -0.992044 -0.122705 0.028150
vn -0.990194 -0.129591 -0.052177
vn -0.966334 0.029769 -0.255563
vn 0.648123 0.040642 -0.760450
vn -0.993141 0.109510 -0.040965
vn -0.997598 0.051964 -0.045805
vn -0.985864 -0.075788 -0.149430
vn 0.574860 0.313499 -0.755814
vn -0.856292 0.281414 -0.433094
vn -0.806124 0.354417 -0.473871
vn -0.940881 0.239543 -0.239502
vn -0.987564 0.133361 -0.083262
vn 0.400699 0.203381 -0.893351
vn 0.012241 0.248537 -0.968545
vn -0.863194 0.111794 -0.492340
vn -0.862453 0.076717 -0.500289
vn -0.918258 0.168086 -0.358537
vn -0.978355 0.184579 -0.093551
vn 0.202450 0.108906 -0.973218
vn -0.051488 0.240153 -0.969369
vn -0.826225 0.421013 -0.374301
vn -0.821857 0.402824 -0.402846
vn -0.791872 0.296357 -0.533958
vn -0.849086 0.221738 -0.479463
vn -0.933478 0.292676 -0.207267
vn -0.960535 0.269809 -0.067638
vn -0.094993 0.525059 -0.845748
vn -0.237694 0.628222 -0.740837
vn -0.290086 0.874517 -0.388678
vn -0.261488 0.826293 -0.498863
vn -0.384855 0.787847 -0.480816
vn -0.615631 0.684851 -0.389843
vn -0.757641 0.519337 -0.395309
vn -0.804219 0.410335 -0.429950
vn -0.757694 0.512678 -0.403808
vn -0.720886 0.563409 -0.403600
vn -0.846958 0.495200 -0.193492
vn -0.250692 0.817052 -0.519211
vn -0.316438 0.839445 -0.441814
vn -0.418250 0.826292 -0.377238
vn -0.546490 0.749974 -0.372677
vn -0.648627 0.685763 -0.330171
vn -0.762793 0.604468 -0.229707
vn -0.039162 -0.657068 -0.752814
vn -0.330420 -0.828476 -0.452162
vn -0.419341 -0.833091 -0.360710
vn -0.431241 -0.837245 -0.336232
vn -0.395546 -0.839793 -0.371875
vn -0.457590 -0.836684 -0.300949
vn -0.462859 -0.819550 -0.337786
vn -0.433085 -0.753856 -0.494105
vn -0.561360 -0.735236 -0.379873
vn -0.708533 -0.697768 -0.105357
vn -0.691055 -0.713006 -0.118596
vn 0.267556 -0.380826 -0.885091
vn -0.263404 -0.761904 -0.591709
vn -0.479488 -0.768228 -0.424167
vn -0.490943 -0.771426 -0.404818
vn -0.351335 -0.856910 -0.377186
vn -0.398865 -0.860205 -0.317732
vn -0.491486 -0.822577 -0.286022
vn -0.447833 -0.808370 -0.382077
vn -0.513006 -0.740696 -0.433814
vn -0.598853 -0.771995 -0.213071
vn -0.679037 -0.734101 -0.002237
vn -0.807432 -0.589954 -0.002808
vn 0.481667 -0.082298 -0.872481
vn -0.831855 -0.545575 0.101810
vn -0.880252 -0.474493 0.003634
vn -0.857396 -0.512374 0.048421
vn 0.520631 -0.056422 -0.851915
vn -0.957325 -0.273724 -0.092761
vn -0.917690 -0.382916 -0.105924
vn -0.900183 -0.429634 0.071314
vn 0.662020 -0.036077 -0.748617
vn -0.974119 -0.198683 -0.107786
vn -0.961082 -0.143984 -0.235776
vn -0.983798 -0.158362 -0.084040
vn 0.752837 0.127075 -0.645824
vn -0.957098 0.232056 -0.173533
vn -0.959907 0.144763 -0.240048
vn -0.990875 0.114810 -0.070610
vn 0.737610 0.210642 -0.641531
vn -0.991530 0.122271 -0.043797
vn -0.954030 0.284163 -0.095280
vn -0.939125 0.334760 -0.077324
vn 0.751058 0.224109 -0.621037
vn 0.821572 0.205819 -0.531656
vn -0.976039 0.216383 -0.022947
vn -0.969936 0.243226 0.008046
vn 0.598809 -0.217615 -0.770760
vn 0.960478 -0.217518 -0.173690
vn -0.867568 0.497144 -0.013166
vn -0.905433 0.423946 0.021452
vn -0.936959 0.348432 0.026510
vn 0.213591 0.315872 -0.924448
vn -0.296043 0.758231 -0.580899
vn -0.449498 0.773861 -0.446196
vn -0.294434 0.833453 -0.467616
vn -0.610401 0.707127 -0.356906
vn -0.672748 0.695425 -0.252573
vn -0.790746 0.610954 -0.038161
vn -0.837321 0.541431 0.075801
vn -0.132352 0.675206 -0.725658
vn -0.373237 0.768050 -0.520377
vn -0.376605 0.843010 -0.384062
vn -0.273510 0.853481 -0.443579
vn -0.207593 0.911053 -0.356212
vn -0.281462 0.918172 -0.278817
vn -0.322965 0.911610 -0.254284
vn -0.433243 0.863857 -0.257006
vn -0.616752 0.736001 -0.279141
vn -0.670640 0.690372 -0.271346
vn -0.727926 0.668866 -0.150805
vn -0.506957 0.768117 -0.391141
vn -0.528996 0.757329 -0.382906
vn -0.265011 -0.768423 -0.582491
vn -0.378134 -0.759900 -0.528740
vn -0.547503 -0.711117 -0.441083
vn -0.728129 -0.629917 -0.270247
vn -0.802646 -0.582658 -0.127547
vn 0.009547 -0.332253 -0.943142
vn -0.149359 -0.682527 -0.715436
vn -0.130799 -0.930966 -0.340872
vn -0.203042 -0.957746 -0.203705
vn -0.237640 -0.955116 -0.176865
vn -0.236605 -0.947722 -0.214107
vn -0.264505 -0.938116 -0.223552
vn -0.370208 -0.866710 -0.334306
vn -0.423827 -0.736220 -0.527589
vn -0.488984 -0.740267 -0.461410
vn -0.701699 -0.660097 -0.268123
vn -0.804415 -0.585221 -0.102144
vn -0.759031 -0.637550 0.131918
vn 0.253794 0.339634 -0.905670
vn 0.265594 -0.034109 -0.963481
vn -0.696681 -0.709520 -0.105914
vn -0.740223 -0.663797 0.106976
vn -0.736714 -0.629890 0.245948
vn 0.618545 0.022864 -0.785417
vn -0.833599 -0.542836 0.102182
vn -0.799299 -0.581817 0.150363
vn -0.779161 -0.603575 0.169133
vn 0.660500 -0.038997 -0.749813
vn -0.862662 -0.500281 0.074383
vn -0.853232 -0.504751 0.131231
vn -0.875177 -0.400354 0.271627
vn 0.619028 0.080265 -0.781256
vn -0.963295 -0.222294 0.150490
vn -0.944094 -0.193325 0.267043
vn 0.623932 0.169926 -0.762781
vn -0.985159 0.147421 0.087915
vn -0.957714 0.092943 0.272297
vn 0.609977 0.174526 -0.772961
vn -0.972901 0.228858 0.032974
vn -0.927079 0.362580 0.095187
vn -0.920376 0.365386 0.139292
vn 0.555414 0.088115 -0.826893
vn 0.401522 0.568952 -0.717687
vn -0.961452 0.272870 0.033934
vn -0.952354 0.281431 0.117550
vn 0.521088 -0.385528 -0.761469
vn 0.212299 -0.481978 -0.850074
vn -0.827257 0.559853 0.047018
vn -0.860406 0.502857 0.082682
vn -0.912472 0.395978 0.102938
vn 0.293897 -0.134644 -0.946306
vn 0.467204 -0.094661 -0.879067
vn -0.808082 0.583794 0.078664
vn -0.783751 0.606518 0.133680
vn -0.766388 0.618478 0.173594
vn -0.012203 0.052647 -0.998539
vn 0.003095 0.490936 -0.871190
vn -0.297658 0.834894 -0.462981
vn -0.340848 0.913528 -0.222010
vn -0.228734 0.905942 -0.356299
vn -0.256352 0.888543 -0.380494
vn -0.324105 0.883584 -0.337986
vn -0.375605 0.861845 -0.340799
vn -0.302800 0.890316 -0.340072
vn -0.614165 0.668315 -0.419709
vn -0.721664 0.628620 -0.289895
vn -0.800135 0.599513 -0.019177
vn -0.766477 0.621169 0.163287
vn -0.336561 0.710484 -0.618012
vn -0.548971 0.745000 -0.378954
vn -0.507336 0.844940 -0.169373
vn -0.211599 0.864968 -0.455034
vn -0.283844 0.856421 -0.431249
vn -0.346430 0.838734 -0.420134
vn -0.413494 0.788250 -0.455724
vn -0.481629 0.740056 -0.469416
vn -0.529134 0.651436 -0.543736
vn -0.732818 0.599684 -0.321492
vn -0.800107 0.576742 -0.164918
vn -0.454920 0.730868 -0.508803
vn -0.688181 0.596382 -0.413201
vn -0.128253 -0.773183 -0.621080
vn -0.389849 -0.784886 -0.481635
vn -0.610573 -0.758780 -0.226833
vn -0.728511 -0.685009 -0.005842
vn 0.011333 -0.647652 -0.761852
vn -0.381845 -0.824670 -0.417270
vn -0.491990 -0.834643 -0.247623
vn -0.480911 -0.852258 -0.205868
vn -0.361795 -0.869338 -0.336684
vn -0.296455 -0.840380 -0.453736
vn -0.298840 -0.840278 -0.452357
vn -0.189301 -0.858141 -0.477242
vn -0.191950 -0.840928 -0.505960
vn -0.399140 -0.754993 -0.520263
vn -0.642236 -0.678899 -0.355850
vn -0.803073 -0.594935 -0.033545
vn -0.823363 -0.495279 0.277077
vn 0.256269 -0.123105 -0.958734
vn -0.314416 -0.688550 -0.653484
vn -0.389396 -0.842388 -0.372496
vn -0.287200 -0.943625 -0.164582
vn -0.172758 -0.978227 -0.115005
vn -0.157494 -0.969519 -0.187695
vn -0.209696 -0.935496 -0.284387
vn -0.254797 -0.851210 -0.458824
vn -0.854576 -0.518834 0.022610
vn -0.829374 -0.491151 0.266288
vn 0.441682 0.306263 -0.843279
vn 0.229274 0.527284 -0.818172
vn -0.645902 -0.652355 0.396539
vn -0.575981 -0.715746 0.394909
vn 0.453878 0.727499 -0.514529
vn 0.703201 0.263928 -0.660190
vn -0.623805 -0.715407 0.314738
vn -0.678758 -0.709318 0.190146
vn -0.797710 -0.535551 0.277208
vn 0.803139 -0.065448 -0.592187
vn -0.785571 -0.584203 0.203925
vn -0.828687 -0.431915 0.355988
vn 0.766190 -0.023812 -0.642172
vn -0.854359 -0.273166 0.442098
vn -0.897504 -0.131167 0.421049
vn 0.651771 0.072454 -0.754947
vn -0.911579 0.105473 0.397365
vn -0.918044 -0.090404 0.386035
vn 0.537761 0.176733 -0.824366
vn -0.962352 0.221432 0.157626
vn -0.904280 0.269975 0.330745
vn 0.636863 0.215246 -0.740321
vn 0.649091 0.410478 -0.640460
vn -0.943395 0.306412 0.126951
vn -0.914132 0.275737 0.297207
vn 0.744755 -0.336601 -0.576229
vn 0.940782 -0.269686 -0.205422
vn -0.753369 0.650360 0.097302
vn -0.761380 0.605035 0.232881
vn -0.865846 0.449703 0.219267
vn 0.455807 -0.475592 -0.752365
vn 0.605721 -0.423556 -0.673574
vn -0.713001 0.650144 0.262567
vn -0.655627 0.713059 0.248395
vn -0.630142 0.716037 0.300354
vn 0.297205 0.111928 -0.948231
vn 0.005959 0.350746 -0.936452
vn -0.572852 0.777290 -0.260115
vn -0.071630 0.937842 -0.339590
vn -0.897479 0.427814 0.107267
vn -0.840780 0.457143 0.290016
vn -0.707554 0.652881 0.270394
vn 0.135738 0.666574 -0.732976
vn -0.078546 0.803891 -0.589568
vn -0.311159 0.929680 -0.197169
vn -0.468849 0.860804 -0.197985
vn -0.221865 0.895445 -0.385945
vn -0.116934 0.939606 -0.321664
vn -0.177596 0.939427 -0.293148
vn -0.220966 0.846444 -0.484464
vn -0.422350 0.738503 -0.525580
vn -0.469621 0.684852 -0.557166
vn -0.786860 0.592250 -0.173469
vn -0.845764 0.528284 -0.074826
vn -0.905121 0.369323 0.210608
vn -0.129653 0.810009 -0.571906
vn -0.296620 0.755350 -0.584349
vn -0.439142 0.665195 -0.603880
vn -0.692800 0.683481 -0.229962
vn -0.727855 0.678854 -0.096878
vn -0.839770 0.541898 0.033674
vn -0.359224 0.799118 -0.482047
vn -0.671728 0.637900 -0.376649
vn -0.287807 -0.836420 -0.466442
vn -0.575546 -0.813259 -0.085771
vn 0.031955 -0.813880 -0.580153
vn 0.006772 -0.761877 -0.647686
vn -0.228001 -0.792102 -0.566207
vn -0.539350 -0.819068 -0.195521
vn -0.641016 -0.760977 0.100066
vn -0.759988 -0.573918 0.305020
vn 0.548263 -0.684774 -0.480096
vn 0.102926 -0.963604 -0.246725
vn -0.263847 -0.956167 -0.127003
vn -0.358949 -0.924745 -0.126505
vn -0.314619 -0.918175 -0.240769
vn -0.184503 -0.935219 -0.302198
vn -0.147316 -0.948729 -0.279663
vn -0.148908 -0.943838 -0.294950
vn -0.038187 -0.875428 -0.481838
vn -0.783371 -0.596593 0.174378
vn -0.790868 -0.460814 0.402714
vn 0.661474 -0.004389 -0.749955
vn -0.759275 -0.290848 0.582159
vn 0.660182 0.556794 -0.504123
vn 0.660108 0.748912 -0.058207
vn 0.788141 0.463343 -0.405150
vn -0.601025 -0.557311 0.572864
vn -0.489517 -0.704819 0.513422
vn 0.625224 0.641756 -0.444121
vn 0.867539 0.461487 -0.185489
vn 0.872868 0.178921 -0.453970
vn -0.375613 -0.850536 0.368106
vn -0.426556 -0.884097 0.190848
vn -0.684394 -0.627547 0.371201
vn 0.859214 -0.132358 -0.494199
vn 0.911053 -0.138081 -0.388480
vn -0.769302 -0.317652 0.554321
vn 0.894504 -0.031925 -0.445918
vn 0.747626 0.306814 -0.588999
vn -0.738367 -0.394732 0.546809
vn -0.806767 -0.354183 0.472949
vn 0.864504 -0.151881 -0.479129
vn 0.948528 -0.266495 -0.171097
vn -0.902830 0.322266 0.284678
vn -0.902951 0.113790 0.414405
vn 0.744688 0.067978 -0.663942
vn -0.805518 0.298383 0.511965
vn -0.859307 0.340858 0.381324
vn 0.648752 0.422830 -0.632721
vn 0.694978 0.420975 -0.582912
vn -0.781670 0.297638 0.548091
vn 0.825219 -0.511638 -0.239249
vn 0.870639 -0.220137 -0.439917
vn -0.280626 0.746377 0.603465
vn -0.368488 0.874322 0.315877
vn -0.640429 0.654155 0.402409
vn 0.701015 -0.587115 -0.404814
vn 0.704392 -0.636342 -0.314484
vn 0.827977 -0.510082 -0.232962
vn -0.570108 0.576325 0.585513
vn -0.376442 0.745599 0.549884
vn 0.756937 -0.134830 -0.639427
vn 0.841953 -0.511890 -0.170538
vn -0.734543 0.363062 0.573265
vn -0.680075 0.587099 0.439105
vn 0.606032 0.537740 -0.586141
vn 0.210692 0.947131 -0.241976
vn -0.053142 0.991246 -0.120863
vn -0.213051 0.973458 -0.083604
vn -0.185902 0.969272 -0.161098
vn -0.066626 0.983280 -0.169473
vn -0.009752 0.950151 -0.311636
vn -0.037032 0.901603 -0.430977
vn -0.796150 0.348038 0.494990
vn 0.078747 0.816342 -0.572175
vn -0.012727 0.813152 -0.581912
vn -0.079066 0.787547 -0.611162
vn -0.256100 0.748852 -0.611256
vn -0.747247 0.658023 -0.092887
vn -0.703002 0.694191 0.154554
vn -0.722472 0.611194 0.323227
vn -0.113876 0.783247 -0.611193
vn -0.280961 0.811185 -0.512875
vn -0.576431 0.804593 -0.142680
vn -0.690332 0.723448 0.007977
vn -0.012236 -0.745062 -0.666883
vn -0.235039 -0.887631 -0.396066
vn -0.469959 -0.880403 -0.063484
vn -0.632976 -0.739266 0.229844
vn 0.048024 -0.878129 -0.476008
vn 0.077936 -0.743984 -0.663637
vn 0.029475 -0.717542 -0.695891
vn -0.050237 -0.738623 -0.672244
vn -0.656299 -0.751317 0.069241
vn -0.617528 -0.760502 0.200739
vn -0.634061 -0.635976 0.439889
vn 0.857701 -0.485298 -0.169809
vn 0.516076 -0.817034 -0.257140
vn 0.109345 -0.992443 -0.055678
vn -0.089855 -0.995818 -0.016532
vn -0.113666 -0.990072 -0.082690
vn -0.070486 -0.990871 -0.114918
vn -0.022467 -0.995610 -0.090865
vn 0.024030 -0.977631 -0.208952
vn -0.740649 -0.281184 0.610225
vn 0.959490 0.019310 -0.281080
vn 0.935822 0.087591 -0.341417
vn -0.697285 -0.160151 0.698673
vn 0.850561 0.454506 -0.264518
vn 0.688457 0.689730 -0.224276
vn 0.710164 0.593594 -0.378569
vn -0.544874 -0.514954 0.661766
vn -0.447419 -0.766639 0.460522
vn -0.232894 -0.892015 0.387388
vn 0.803331 -0.081335 -0.589952
vn -0.483761 -0.801082 0.352481
vn -0.275417 -0.953242 0.124402
vn -0.624318 -0.766217 0.152118
vn -0.942593 -0.211467 0.258457
vn 0.671773 -0.287794 -0.682566
vn 0.728297 -0.235584 -0.643493
vn -0.836775 -0.000861 0.547546
vn -0.996310 0.028345 0.081008
vn 0.738579 0.125026 -0.662473
vn 0.699725 0.238452 -0.673443
vn -0.544587 -0.415226 0.728706
vn -0.510969 -0.545098 0.664664
vn 0.890403 -0.317652 -0.326006
vn 0.764536 -0.197035 -0.613728
vn -0.726933 -0.002400 0.686704
vn 0.808467 -0.156230 -0.567428
vn 0.851582 -0.331675 -0.405955
vn -0.571269 0.478725 0.666689
vn -0.680814 0.503237 0.532208
vn 0.681585 0.365677 -0.633816
vn 0.618759 0.508292 -0.598980
vn -0.642780 0.254225 0.722637
vn 0.785633 0.370994 -0.495121
vn 0.562717 0.716928 -0.411540
vn -0.739251 0.663031 0.117887
vn -0.359612 0.892834 0.271157
vn -0.553663 0.669133 0.495701
vn 0.673842 -0.664064 -0.323969
vn 0.714535 -0.666218 -0.213526
vn 0.802035 -0.595915 0.040316
vn -0.460977 0.649384 0.604814
vn -0.637613 0.721950 0.268771
vn 0.990660 0.016534 -0.135348
vn 0.857566 -0.221725 -0.464132
vn -0.586405 0.236660 0.774675
vn -0.482393 0.575408 0.660456
vn 0.880759 0.314494 -0.354059
vn 0.538454 0.802243 -0.257823
vn 0.144035 0.985771 -0.086657
vn -0.014640 0.999841 -0.010150
vn -0.030441 0.999318 -0.020901
vn -0.006113 0.992490 -0.122175
vn 0.011179 0.956152 -0.292659
vn -0.653497 0.306737 0.691992
vn 0.086018 0.869960 -0.485562
vn 0.150208 0.819891 -0.552463
vn 0.074786 0.784653 -0.615407
vn -0.027687 0.778311 -0.627268
vn -0.643054 0.580305 0.499727
vn -0.618234 0.579154 0.531383
vn 0.106278 0.748914 -0.654090
vn -0.047365 0.740561 -0.670318
vn -0.258038 0.822212 -0.507330
vn -0.581096 0.773438 -0.253220
vn -0.755783 0.601848 0.258012
vn -0.097738 0.783620 -0.613504
vn -0.298580 0.824074 -0.481406
vn -0.455746 0.855390 -0.246178
vn -0.703903 0.710275 0.005459
vn -0.072256 -0.710994 -0.699476
vn -0.448511 -0.842548 -0.298246
vn -0.535089 -0.842125 -0.067122
vn 0.146093 -0.670911 -0.727004
vn 0.048172 -0.644125 -0.763402
vn -0.284321 -0.801261 -0.526443
vn -0.499454 -0.864607 -0.054777
vn -0.523977 -0.742938 0.416524
vn 0.147467 -0.779922 -0.608256
vn 0.100496 -0.755438 -0.647467
vn 0.121971 -0.705836 -0.697795
vn -0.481248 -0.671188 0.563832
vn -0.462755 -0.579006 0.671274
vn 0.124244 -0.491862 -0.861763
vn 0.103126 -0.843779 -0.526689
vn 0.124098 -0.986809 -0.103957
vn 0.044971 -0.995949 0.077868
vn 0.096550 -0.992805 0.070833
vn 0.099310 -0.994957 0.014101
vn 0.055074 -0.995087 -0.082276
vn -0.455124 -0.261195 0.851257
vn 0.325991 0.605590 -0.725941
vn 0.489303 0.229319 -0.841424
vn -0.466724 -0.089221 0.879891
vn 0.619412 0.681546 -0.389646
vn 0.606563 0.770360 -0.196538
vn 0.815765 0.552871 -0.169884
vn -0.374393 -0.490019 0.787217
vn -0.230283 -0.740393 0.631497
vn -0.350010 -0.853329 0.386423
vn 0.866936 -0.303225 -0.395572
vn 0.994796 -0.066181 -0.077461
vn 0.209756 -0.796269 0.567414
vn 0.151323 -0.942307 0.298596
vn -0.095111 -0.978492 0.183052
vn -0.606943 -0.787597 0.106356
vn -0.923698 -0.215731 0.316610
vn 0.604166 -0.384354 -0.698037
vn 0.711695 -0.393434 -0.581979
vn -0.311216 0.666987 0.676958
vn -0.706022 0.632893 0.317774
vn -0.967158 0.253276 -0.021372
vn 0.535498 0.098073 -0.838822
vn 0.495349 0.257880 -0.829534
vn -0.348325 -0.331539 0.876785
vn -0.231225 -0.539731 0.809460
vn 0.444143 -0.068099 -0.893364
vn 0.511383 0.042400 -0.858306
vn -0.338434 -0.184550 0.922715
vn 0.589111 -0.111948 -0.800260
vn 0.488517 -0.297781 -0.820169
vn -0.299681 0.441919 0.845517
vn -0.419893 0.502883 0.755512
vn 0.674414 0.265100 -0.689121
vn 0.565416 0.574807 -0.591525
vn -0.794088 -0.184579 0.579098
vn -0.638401 -0.472649 0.607492
vn 0.575378 0.666232 -0.474422
vn 0.660982 0.631061 -0.406036
vn 0.157953 0.702362 0.694074
vn -0.015795 0.924876 0.379941
vn -0.620218 0.782736 0.051525
vn -0.894168 -0.396962 -0.207088
vn -0.940398 -0.270657 0.205902
vn 0.711096 -0.670530 -0.211498
vn 0.623027 -0.760813 -0.181662
vn 0.535571 -0.824127 -0.184331
vn -0.136796 0.495254 0.857911
vn -0.135623 0.742430 0.656052
vn -0.208679 0.798239 0.565037
vn 0.074611 0.900635 -0.428124
vn -0.466344 0.778032 -0.420938
vn -0.894898 0.363692 -0.258623
vn 0.166819 -0.561779 -0.810294
vn 0.657668 -0.566968 -0.496004
vn 0.747315 -0.645245 -0.158682
vn -0.369186 0.108460 0.923005
vn -0.296604 0.560345 0.773330
vn 0.122907 0.160050 -0.979427
vn -0.030581 0.438325 -0.898296
vn -0.124777 0.948472 -0.291257
vn -0.100474 0.994233 0.037505
vn 0.011910 0.997764 -0.065770
vn -0.020548 0.987661 -0.155255
vn -0.458262 0.210728 0.863475
vn -0.065408 0.690040 -0.720810
vn -0.405308 0.752680 -0.518843
vn -0.470163 0.848108 -0.244253
vn -0.421901 0.906285 -0.025439
vn 0.110268 0.968787 -0.222021
vn 0.070005 0.910293 -0.408002
vn 0.138015 0.846594 -0.514033
vn 0.236288 0.769763 -0.592986
vn -0.497921 0.399514 0.769716
vn -0.475104 0.542836 0.692535
vn 0.236833 0.728525 -0.642777
vn 0.150192 0.727784 -0.669158
vn -0.688709 0.371473 0.622646
vn 0.035851 0.755030 -0.654709
vn -0.235673 0.805021 -0.544426
vn -0.516301 0.844834 -0.140315
vn -0.648662 0.690395 0.320302
vn -0.361861 0.847450 -0.388439
vn -0.488260 0.794363 -0.361372
vn 0.089272 -0.767234 -0.635124
vn -0.296558 -0.935104 -0.193995
vn -0.492095 -0.865148 0.096750
vn -0.640981 -0.524353 0.560532
vn 0.301047 -0.559915 -0.771924
vn 0.181190 -0.571579 -0.800292
vn -0.677820 -0.701269 0.220867
vn -0.551708 -0.485373 0.678256
vn 0.523542 -0.688808 -0.501446
vn 0.292519 -0.772954 -0.563006
vn -0.182003 -0.371782 0.910304
vn -0.259442 -0.489646 0.832428
vn 0.560595 -0.588835 -0.582243
vn 0.163739 -0.979882 -0.114106
vn 0.141555 -0.983315 0.114252
vn 0.156310 -0.945645 0.285170
vn 0.277239 -0.923599 0.264772
vn 0.378543 -0.916334 0.130525
vn 0.385456 -0.903768 -0.186085
vn 0.123659 -0.120374 0.984997
vn -0.119215 -0.224670 0.967115
vn 0.641114 0.540066 -0.545254
vn 0.587425 0.789082 -0.179669
vn 0.791749 0.610845 -0.001689
vn 0.121901 -0.115145 0.985841
vn -0.092805 -0.101743 0.990472
vn 0.645520 0.677646 -0.352279
vn 0.594096 0.803450 -0.038965
vn 0.637576 0.768685 0.051185
vn 0.949356 0.142816 -0.279870
vn 0.143285 -0.349768 0.925814
vn 0.028920 -0.360651 0.932252
vn -0.086982 -0.613650 0.784772
vn -0.085237 -0.678005 -0.730099
vn -0.837971 -0.426858 0.339995
vn 0.640681 -0.675375 -0.365235
vn 0.744818 -0.609287 -0.272059
vn 0.697356 -0.702420 -0.142479
vn 0.285535 -0.208398 0.935436
vn 0.346553 -0.483192 0.804007
vn 0.525754 -0.585014 0.617528
vn 0.618644 -0.570588 0.540101
vn 0.476459 -0.681341 0.555663
vn -0.101511 -0.786600 0.609061
vn -0.969737 0.224333 -0.096362
vn 0.820275 -0.350566 -0.451943
vn 0.697928 -0.514793 -0.497880
vn 0.399181 -0.030116 0.916377
vn 0.647800 -0.126497 0.751235
vn 0.583757 -0.156827 0.796639
vn 0.485058 0.133412 0.864245
vn 0.418085 0.573372 0.704591
vn 0.105303 0.624769 0.773676
vn 0.778066 -0.020202 -0.627857
vn 0.919979 -0.135907 -0.367652
vn 0.353866 -0.039986 0.934441
vn 0.710285 -0.013184 0.703791
vn 0.588165 -0.070864 0.805631
vn 0.200137 -0.128074 0.971361
vn -0.075631 -0.481248 0.873316
vn 0.540208 -0.154130 -0.827296
vn 0.907359 -0.094743 -0.409540
vn 0.273594 -0.162547 0.948011
vn 0.660461 -0.002293 0.750857
vn 0.657360 0.041623 0.752426
vn 0.471843 -0.061262 0.879552
vn 0.065254 -0.288905 0.955131
vn 0.509128 0.079393 -0.857021
vn 0.332917 0.123884 0.934783
vn 0.652678 0.000630 0.757635
vn 0.615399 0.008893 0.788166
vn 0.366697 0.204470 0.907593
vn 0.049026 0.333174 0.941590
vn 0.599748 0.346816 -0.721125
vn 0.568642 0.557070 -0.605243
vn 0.321688 0.068544 0.944361
vn 0.680653 0.205496 0.703195
vn 0.636838 0.111985 0.762821
vn 0.359781 -0.154231 0.920201
vn -0.159267 -0.732141 0.662271
vn 0.466528 0.746669 -0.474169
vn 0.482682 0.814543 -0.321773
vn 0.408979 0.805033 -0.429718
vn 0.160081 0.251112 0.954629
vn 0.451082 0.389869 0.802824
vn 0.564933 0.580250 0.586652
vn 0.703977 0.486808 0.517140
vn 0.495653 -0.620884 0.607314
vn -0.472057 -0.878384 0.074859
vn -0.834255 -0.386144 0.393589
vn 0.726495 -0.667572 -0.162949
vn 0.737192 -0.662445 -0.133096
vn 0.931335 -0.363203 -0.026443
vn 0.086790 0.337314 0.937383
vn 0.048516 0.417066 0.907580
vn 0.121360 0.535902 0.835512
vn 0.649671 0.652007 -0.390914
vn 0.579181 0.810923 0.083388
vn -0.377084 0.922998 0.076697
vn -0.944733 0.326444 -0.030229
vn 0.690986 -0.706290 -0.153924
vn 0.593104 -0.805117 0.003718
vn 0.693774 -0.703790 -0.152828
vn 0.099720 0.027131 0.994646
vn -0.067964 0.143315 0.987341
vn 0.795321 -0.271414 -0.542032
vn 0.815803 -0.571082 0.091270
vn 0.041508 0.909876 0.412799
vn 0.301751 0.949074 0.090585
vn 0.655992 0.754012 0.033777
vn 0.059278 0.140850 0.988255
vn -0.103125 0.088222 0.990748
vn 0.524144 0.616761 -0.587264
vn 0.097346 0.991032 -0.091535
vn -0.214710 0.967900 0.130646
vn -0.341265 0.892645 0.294489
vn 0.212766 0.951332 -0.222931
vn 0.395622 0.892315 -0.217388
vn 0.340017 0.830667 -0.440887
vn 0.223389 0.787671 -0.574170
vn -0.228951 0.170797 0.958337
vn -0.166882 0.428349 0.888070
vn 0.380871 0.737040 -0.558310
vn 0.256583 0.596752 -0.760297
vn 0.225627 0.680096 -0.697540
vn -0.489125 0.127527 0.862841
vn 0.040937 0.545514 -0.837101
vn -0.020685 0.623488 -0.781559
vn -0.037780 0.739138 -0.672493
vn -0.785222 0.616726 0.055461
vn -0.698768 0.410935 0.585538
vn -0.175936 0.670468 -0.720777
vn -0.307988 0.770962 -0.557459
vn -0.570818 0.807985 -0.146037
vn -0.768706 0.633427 0.088664
vn -0.009849 -0.624131 -0.781258
vn -0.634937 -0.713236 -0.296900
vn -0.807965 -0.445226 0.385961
vn 0.383839 -0.564979 -0.730388
vn 0.093606 -0.706075 -0.701923
vn -0.342882 -0.834907 -0.430536
vn -0.486110 -0.649682 0.584474
vn -0.330669 -0.697165 0.636096
vn 0.598179 -0.290567 -0.746829
vn 0.144959 -0.579132 -0.802243
vn 0.081775 -0.064400 0.994568
vn -0.273331 -0.223528 0.935588
vn -0.090733 -0.587948 -0.803794
vn -0.713449 -0.518006 0.471869
vn 0.916044 -0.390010 -0.093565
vn 0.841514 -0.368700 -0.394859
vn 0.602097 0.444755 0.663077
vn 0.622738 0.342826 0.703326
vn 0.400729 0.148697 0.904050
vn -0.034769 -0.076121 0.996492
vn 0.976110 0.135907 -0.169527
vn 0.601362 -0.643637 0.473386
vn 0.553478 -0.633086 0.541170
vn 0.424130 -0.706271 0.566829
vn 0.500161 -0.708754 0.497501
vn 0.667245 -0.672226 0.320773
vn 0.841285 -0.521097 0.143865
vn 0.918659 -0.073698 0.388115
vn 0.753359 0.041632 0.656290
vn 0.737162 -0.012374 0.675603
vn 0.544692 -0.007006 0.838607
vn 0.206958 -0.045013 0.977314
vn 0.894637 0.331095 -0.300000
vn 0.778523 0.563563 0.276222
vn 0.852318 0.285529 0.438209
vn 0.792853 -0.047177 0.607584
vn 0.737001 -0.310853 0.600166
vn 0.732710 -0.492633 0.469519
vn 0.807618 -0.479179 0.343716
vn 0.795261 -0.298194 0.527864
vn 0.733393 -0.108157 0.671145
vn 0.748602 -0.024246 0.662576
vn 0.574839 -0.076513 0.814682
vn 0.281550 -0.094251 0.954907
vn 0.759665 0.644312 0.088152
vn 0.733426 0.614429 0.290798
vn 0.967626 -0.103252 0.230304
vn 0.813022 -0.465720 0.349428
vn 0.795800 -0.504463 0.334990
vn 0.506812 -0.560465 0.654997
vn 0.626501 -0.388345 0.675784
vn 0.514557 -0.255921 0.818374
vn 0.315418 -0.246261 0.916443
vn 0.142695 -0.388832 0.910191
vn 0.879957 -0.414828 0.231502
vn 0.065329 -0.826201 0.559575
vn 0.435331 -0.792283 -0.427522
vn 0.517064 -0.783419 -0.344818
vn 0.625218 -0.682402 -0.378722
vn 0.268142 -0.450861 0.851366
vn 0.254508 -0.256087 0.932548
vn 0.210741 -0.199545 0.956959
vn 0.942915 0.246951 -0.223442
vn 0.085237 0.678005 0.730099
vn 0.112124 -0.577314 -0.808787
vn 0.357005 -0.659264 -0.661754
vn 0.067051 -0.121268 0.990353
vn 0.154365 -0.079639 0.984799
vn 0.147135 -0.117881 -0.982067
vn 0.206628 -0.281115 -0.937165
vn 0.091220 -0.053464 0.994395
vn 0.094070 -0.070866 0.993040
vn 0.309724 -0.144740 -0.939745
vn 0.136884 -0.311705 -0.940267
vn 0.128261 -0.135021 0.982506
vn 0.110454 -0.080111 0.990647
vn 0.273999 -0.150918 0.949815
vn 0.414091 0.148509 -0.898039
vn 0.103239 0.118355 0.987590
vn 0.118479 0.112568 0.986555
vn 0.280171 0.079175 0.956679
vn 0.387914 0.507671 -0.769281
vn 0.444802 0.594845 -0.669560
vn 0.078131 0.019834 0.996746
vn 0.107387 0.055462 0.992669
vn 0.388005 0.769254 -0.507643
vn 0.243175 0.928909 -0.279274
vn 0.445924 0.849677 -0.281426
vn 0.103215 0.223054 0.969326
vn 0.105527 0.078030 0.991350
vn 0.953885 -0.238510 0.182256
vn 0.612468 -0.692438 0.381329
vn 0.132700 -0.851923 0.506575
vn 0.859694 -0.507745 0.055867
vn 0.841076 -0.516225 0.161566
vn 0.999075 0.027542 0.033029
vn 0.871654 0.488498 -0.039863
vn 0.281907 0.336077 0.898655
vn 0.145617 0.406774 0.901848
vn 0.092581 0.390963 0.915738
vn 0.962128 0.231728 -0.143572
vn 0.556587 0.798408 0.229685
vn 0.170543 0.661280 0.730495
vn 0.804498 -0.542032 0.242867
vn 0.899330 -0.372024 0.229788
vn 0.914785 0.012629 0.403743
vn 0.873614 0.114561 0.472942
vn 0.835495 0.371615 0.404783
vn 0.709499 0.506064 0.490418
vn 0.657758 0.511049 0.553338
vn 0.690715 0.479471 0.541314
vn 0.876119 0.374106 0.304074
vn 0.265756 0.069753 0.961513
vn 0.178634 0.123155 0.976178
vn 0.916762 -0.343099 0.204525
vn 0.827449 -0.365026 0.426714
vn 0.770053 -0.082115 0.632673
vn 0.660618 0.364796 0.656131
vn 0.613666 0.660910 0.431986
vn 0.755277 0.574925 0.314672
vn 0.839527 0.325587 0.434956
vn 0.782248 0.105641 0.613944
vn 0.798084 0.070905 0.598360
vn 0.790854 0.197607 0.579225
vn 0.444894 0.163210 0.880586
vn 0.226454 0.061049 0.972107
vn 0.842556 0.401385 -0.359150
vn 0.694203 0.600344 0.397076
vn 0.502595 0.624836 0.597476
vn 0.175630 0.676096 0.715575
vn 0.698494 0.712991 -0.061244
vn 0.847827 0.527994 0.049111
vn 0.952665 -0.024665 0.303020
vn 0.731766 -0.164472 0.661414
vn 0.776116 -0.007296 0.630548
vn 0.571506 0.013657 0.820484
vn 0.163001 0.056257 0.985021
vn 0.650698 0.539706 -0.534143
vn 0.840880 0.244806 -0.482692
vn 0.401215 -0.484966 0.777068
vn 0.692559 -0.175280 0.699742
vn 0.562605 -0.148976 0.813192
vn 0.119785 -0.068347 0.990444
vn 0.427540 0.403365 -0.809016
vn 0.041733 0.574072 -0.817741
vn 0.207686 -0.566875 0.797194
vn -0.329008 -0.115637 0.937221
vn 0.282760 0.676087 -0.680407
vn 0.031386 0.598349 -0.800620
vn -0.391418 0.700246 -0.597032
vn -0.679675 0.684448 -0.263766
vn -0.790872 0.318203 0.522751
vn -0.123648 0.602058 -0.788820
vn -0.423553 0.586989 -0.689961
vn -0.734983 0.617524 -0.280113
vn -0.810389 0.585736 -0.013547
vn -0.345845 0.782582 -0.517645
vn -0.713285 0.589588 -0.378959
vn 0.073021 -0.676618 -0.732705
vn -0.412989 -0.875661 -0.250318
vn -0.721334 -0.544479 0.428041
vn 0.452856 -0.436079 -0.777661
vn -0.446772 -0.739386 -0.503689
vn -0.801531 -0.387477 0.455422
vn 0.945991 -0.260205 -0.193375
vn 0.753263 -0.358461 -0.551452
vn 0.153607 0.395496 0.905532
vn -0.459604 0.036103 0.887390
vn 0.973511 0.044906 -0.224188
vn 0.874023 0.367304 0.318073
vn 0.444430 0.489943 0.749958
vn -0.025548 0.116508 0.992861
vn 0.874605 -0.468830 0.123548
vn -0.012125 -0.842655 0.538318
vn 0.984877 0.131797 -0.112454
vn 0.746272 0.465881 0.475430
vn 0.547783 0.566629 0.615520
vn 0.275957 0.440056 0.854516
vn 0.825926 0.386342 -0.410591
vn 0.090733 0.587948 0.803794
vn 0.977342 0.205588 0.050367
vn 0.657209 0.428138 0.620302
vn 0.727406 -0.537441 0.426659
vn 0.556053 -0.572486 0.602549
vn 0.550209 -0.481977 0.681886
vn 0.643263 -0.756408 0.118575
vn 0.674415 -0.690933 0.260337
vn 0.754057 -0.518489 0.403196
vn 0.662323 -0.404470 0.630660
vn 0.565886 -0.486016 0.666004
vn 0.519016 -0.537241 0.664827
vn 0.415373 -0.552135 0.722919
vn 0.351970 -0.892288 -0.282737
vn 0.489507 -0.836429 -0.246516
vn 0.609823 -0.789807 -0.065734
vn 0.617278 -0.703889 0.351436
vn 0.565481 -0.610799 0.554216
vn 0.678264 -0.345763 0.648387
vn 0.677099 -0.285068 0.678434
vn 0.640022 -0.309084 0.703448
vn 0.406022 -0.368264 0.836378
vn 0.275961 -0.395139 0.876191
vn 0.361758 -0.710739 -0.603308
vn 0.167632 -0.920155 -0.353856
vn 0.428588 -0.878822 -0.209723
vn 0.448472 -0.478891 0.754676
vn 0.630876 -0.156605 0.759914
vn 0.515833 -0.134512 0.846063
vn 0.264635 -0.183154 0.946796
vn 0.435687 -0.195061 -0.878708
vn 0.379352 -0.248810 0.891171
vn 0.472566 -0.092829 0.876393
vn 0.274315 -0.030064 0.961170
vn 0.427456 -0.012865 -0.903944
vn 0.257032 -0.092256 0.961989
vn 0.250739 -0.064804 0.965883
vn 0.129020 -0.174924 0.976092
vn 0.479267 0.201539 -0.854216
vn 0.265082 0.080362 0.960871
vn 0.207981 0.029563 0.977686
vn 0.122938 0.087618 0.988539
vn 0.403977 0.589438 -0.699547
vn 0.408114 0.733516 -0.543505
vn 0.459418 0.242267 0.854542
vn 0.444854 0.122561 0.887177
vn 0.227489 0.064914 0.971615
vn 0.443594 0.806749 -0.390359
vn 0.281711 0.941181 -0.186594
vn 0.237228 0.967517 -0.087365
vn 0.462060 0.252083 0.850268
vn 0.554459 0.245508 0.795173
vn 0.270849 0.113049 0.955961
vn 0.732998 0.662680 -0.153525
vn 0.758485 0.648265 0.066733
vn 0.618614 0.700737 0.355365
vn 0.548971 0.660019 0.512841
vn 0.526408 0.559753 0.639977
vn 0.465746 0.332161 0.820213
vn 0.461228 0.342094 0.818682
vn 0.272622 0.428394 0.861485
vn 0.809593 0.559161 0.178598
vn 0.675499 0.667019 0.314302
vn 0.560639 0.693318 0.452764
vn 0.561778 0.673529 0.480379
vn 0.666057 0.422575 0.614653
vn 0.471854 0.175045 0.864126
vn 0.871539 0.375657 0.315121
vn 0.530302 0.278070 0.800910
vn 0.829190 -0.386277 0.404023
vn 0.545899 -0.629598 0.552812
vn 0.976764 -0.204879 0.062906
vn 0.566679 -0.455140 0.686820
vn 0.333188 -0.582187 0.741649
vn 0.531409 -0.466432 0.707139
vn 0.956413 0.126264 -0.263308
vn 0.909487 -0.291232 0.296677
vn 0.426609 -0.558974 0.711022
vn 0.371552 -0.574310 0.729463
vn 0.210432 -0.550711 0.807735
vn 0.731948 0.341045 -0.589864
vn 0.830371 0.264867 -0.490234
vn 0.423268 -0.618623 0.661929
vn 0.306014 -0.642160 0.702841
vn -0.288323 -0.286818 0.913567
vn 0.362564 0.401410 -0.841081
vn -0.115130 0.668796 -0.734477
vn -0.840313 0.538627 -0.061278
vn -0.758814 0.262567 0.596037
vn -0.104845 0.644153 -0.757677
vn -0.307702 0.825880 -0.472484
vn -0.420075 0.905003 -0.067135
vn -0.706431 0.674733 0.213752
vn -0.065326 -0.631962 -0.772241
vn -0.534032 -0.748225 -0.393661
vn -0.838818 -0.422546 0.343276
vn 0.312196 -0.331099 -0.890453
vn -0.724048 -0.563286 0.398075
vn -0.785068 -0.479434 0.392189
vn 0.923418 0.241794 -0.298053
vn 0.502251 0.220225 0.836208
vn -0.078356 -0.057222 0.995282
vn 0.998048 0.058555 -0.021713
vn 0.645692 0.341385 0.683036
vn -0.050795 0.295612 0.953957
vn 0.956803 0.290716 -0.003459
vn 0.548265 0.479059 0.685498
vn 0.553548 -0.830521 0.061798
vn 0.559204 -0.782156 0.274814
vn 0.610349 -0.631328 0.478434
vn 0.522623 -0.569272 0.634661
vn 0.413766 -0.559978 0.717790
vn 0.585820 -0.435025 0.683789
vn 0.539468 -0.743021 -0.396098
vn 0.334033 -0.941017 -0.053928
vn 0.430999 -0.891837 0.137357
vn 0.550527 -0.700468 0.454165
vn 0.556909 -0.473284 0.682536
vn 0.634442 -0.356295 0.685958
vn 0.539442 -0.422329 0.728451
vn 0.469078 -0.472618 0.746055
vn 0.460186 -0.434223 0.774389
vn 0.234729 -0.432363 -0.870611
vn 0.560271 -0.380519 -0.735732
vn 0.440543 -0.515671 0.734851
vn 0.632059 -0.338489 0.697085
vn 0.618032 -0.194265 0.761772
vn 0.552479 -0.266441 0.789795
vn 0.358586 -0.309594 0.880663
vn 0.373603 -0.300210 0.877664
vn 0.183459 0.134212 -0.973822
vn 0.420208 -0.004890 -0.907415
vn 0.569870 0.012115 0.821645
vn 0.686573 -0.034993 0.726218
vn 0.462545 -0.140071 0.875461
vn 0.330713 -0.195929 0.923169
vn 0.333513 0.388981 -0.858756
vn 0.500009 0.321026 -0.804322
vn 0.516946 0.243406 0.820683
vn 0.688131 0.076525 0.721540
vn 0.675301 0.097105 0.731122
vn 0.543853 0.124881 0.829837
vn 0.307913 0.014993 0.951296
vn 0.528585 0.694979 -0.487444
vn 0.529091 0.814212 -0.239001
vn 0.677325 0.085865 0.730656
vn 0.710916 0.055655 0.701071
vn 0.574939 0.113720 0.810255
vn 0.435452 0.280029 0.855550
vn 0.336937 0.334402 0.880141
vn 0.562082 0.810523 -0.164671
vn 0.490482 0.871411 -0.008387
vn 0.376712 0.912700 0.158325
vn 0.642885 0.625331 0.442334
vn 0.708232 0.343385 0.616842
vn 0.679956 0.270394 0.681577
vn 0.549842 0.218216 0.806260
vn 0.328893 0.186198 0.925829
vn 0.450379 0.889118 -0.081412
vn 0.673462 0.732890 0.096549
vn 0.685831 0.615524 0.388286
vn 0.603959 0.553655 0.573323
vn 0.543495 0.517609 0.660828
vn 0.358929 0.387136 0.849291
vn 0.808169 -0.375639 0.453606
vn 0.457362 -0.655111 0.601374
vn 0.958622 -0.273351 0.079513
vn 0.553666 -0.524597 0.646725
vn 0.418826 -0.555064 0.718672
vn 0.196892 -0.549502 0.811961
vn 0.899899 -0.138789 -0.413423
vn 0.722470 -0.512216 0.464405
vn 0.297382 -0.250409 0.921336
vn -0.086770 -0.130264 0.987675
vn 0.394253 0.350410 -0.849575
vn -0.499721 0.742067 -0.446783
vn -0.494700 0.696448 0.519839
vn -0.130206 0.554700 0.821799
vn 0.063895 0.849556 -0.523615
vn -0.256306 0.908087 -0.331186
vn -0.700491 0.711611 0.054053
vn 0.891584 -0.391070 0.228346
vn 0.540524 -0.698917 0.468348
vn -0.042310 -0.819098 0.572091
vn 0.995112 0.005379 -0.098606
vn 0.524230 0.286111 0.802074
vn 0.013617 0.494130 0.869282
vn 0.889956 0.312772 -0.331893
vn 0.314782 0.518963 0.794726
vn 0.620565 -0.781440 0.065202
vn 0.537701 -0.788915 0.297476
vn 0.531366 -0.701107 0.475499
vn 0.535037 -0.604552 0.590129
vn 0.438377 -0.543810 0.715609
vn 0.508990 -0.673190 -0.536419
vn 0.597877 -0.778642 -0.190422
vn 0.594360 -0.645544 0.479592
vn 0.585672 -0.355812 0.728276
vn 0.626553 -0.306500 0.716581
vn 0.501063 -0.409162 0.762576
vn 0.472343 -0.453669 0.755696
vn 0.474869 -0.393062 0.787402
vn 0.467947 0.009337 -0.883707
vn 0.549971 0.017219 0.835006
vn 0.729325 0.000190 0.684167
vn 0.644133 -0.047251 0.763452
vn 0.549083 -0.062340 0.833439
vn 0.368501 -0.093857 0.924877
vn 0.356272 0.634091 -0.686294
vn 0.588240 0.622396 -0.516331
vn 0.421337 0.525954 0.738815
vn 0.675566 0.197544 0.710343
vn 0.700350 0.074012 0.709952
vn 0.583465 0.145216 0.799050
vn 0.471735 0.282597 0.835227
vn 0.365488 0.279767 0.887777
vn 0.442902 0.844099 -0.302217
vn 0.513700 0.840096 0.174218
vn 0.740644 0.474497 0.475709
vn 0.702237 0.312672 0.639608
vn 0.525204 0.246068 0.814623
vn 0.379744 0.271734 0.884282
vn 0.591996 0.805934 -0.003360
vn 0.673237 0.714029 0.192133
vn 0.590843 0.715847 0.372113
vn 0.469998 0.629205 0.619034
vn 0.460438 0.379200 0.802623
vn 0.867522 -0.475757 0.145123
vn 0.660602 -0.543772 0.517608
vn 0.463702 -0.471487 0.750120
vn 0.982002 0.048379 -0.182567
vn 0.773700 -0.037641 0.632432
vn 0.089784 -0.087500 0.992110
vn 0.817956 0.449270 -0.359312
vn 0.571222 0.761111 0.307272
vn 0.027149 0.629839 0.776251
vn 0.790573 -0.610068 0.053013
vn 0.615999 -0.693821 0.373038
vn 0.508495 -0.574193 0.641666
vn 0.454920 -0.415508 0.787655
vn 0.073791 -0.549510 -0.832222
vn 0.743275 -0.525258 -0.414301
vn 0.771784 -0.088751 0.629661
vn 0.558828 -0.095262 0.823794
vn 0.348428 -0.113376 0.930453
vn 0.088562 0.868141 -0.488353
vn 0.297901 0.771112 -0.562708
vn 0.681655 0.661876 0.311875
vn 0.558696 0.362902 0.745762
vn 0.340875 0.272583 0.899724
vn 0.699048 0.713483 -0.047692
vn 0.462078 0.705887 0.536849
vn 0.838696 -0.418368 0.348650
vn 0.413875 -0.759594 0.501721
vn 0.498629 -0.695495 0.517355
vn 0.844353 0.504067 -0.181616
vn 0.404949 0.713868 0.571322
vn 0.414589 0.605026 0.679749
f 8//8 7//7 1//1
f 10//10 9//9 3//3
f 11//11 10//10 4//4
f 14//14 13//13 6//6
f 15//15 14//14 7//7
f 16//16 15//15 8//8
f 17//17 16//16 9//9
f 18//18 17//17 10//10
f 19//19 18//18 11//11
f 21//21 20//20 13//13
f 22//22 21//21 14//14
f 23//23 22//22 15//15
f 24//24 23//23 16//16
f 25//25 24//24 17//17
f 26//26 25//25 18//18
f 28//28 27//27 21//21
f 36//36 35//35 29//29
f 38//38 37//37 31//31
f 39//39 38//38 32//32
f 40//40 39//39 33//33
f 43//43 42//42 35//35
f 45//45 44//44 37//37
f 46//46 45//45 38//38
f 53//53 52//52 41//41
f 55//55 54//54 43//43
f 57//57 56//56 46//46
f 58//58 57//57 47//47
f 59//59 58//58 48//48
f 60//60 59//59 49//49
f 61//61 60//60 50//50
f 64//64 63//63 57//57
f 65//65 64//64 58//58
f 66//66 65//65 59//59
f 67//67 66//66 60//60
f 75//75 74//74 63//63
f 76//76 75//75 64//64
f 77//77 76//76 65//65
f 78//78 77//77 66//66
f 80//80 79//79 68//68
f 82//82 81//81 70//70
f 83//83 82//82 71//71
f 84//84 83//83 72//72
f 85//85 84//84 73//73
f 86//86 85//85 74//74
f 87//87 86//86 75//75
f 89//89 88//88 80//80
f 90//90 89//89 81//81
f 91//91 90//90 82//82
f 92//92 91//91 83//83
f 93//93 92//92 84//84
f 94//94 93//93 85//85
f 95//95 94//94 86//86
f 97//97 96//96 88//88
f 98//98 97//97 89//89
f 99//99 98//98 90//90
f 100//100 99//99 91//91
f 101//101 100//100 92//92
f 114//114 113//113 102//102
f 116//116 115//115 104//104
f 119//119 118//118 108//108
f 120//120 119//119 109//109
f 121//121 120//120 110//110
f 122//122 121//121 111//111
f 125//125 124//124 113//113
f 127//127 126//126 115//115
f 129//129 128//128 117//117
f 130//130 129//129 118//118
f 131//131 130//130 119//119
f 132//132 131//131 120//120
f 133//133 132//132 121//121
f 134//134 133//133 122//122
f 137//137 136//136 133//133
f 141//141 140//140 136//136
f 142//142 141//141 137//137
f 147//147 146//146 140//140
f 151//151 150//150 144//144
f 152//152 151//151 145//145
f 153//153 152//152 146//146
f 155//155 154//154 148//148
f 159//159 158//158 150//150
f 160//160 159//159 151//151
f 161//161 160//160 152//152
f 163//163 162//162 154//154
f 169//169 168//168 156//156
f 170//170 169//169 157//157
f 171//171 170//170 158//158
f 172//172 171//171 159//159
f 174//174 173//173 165//165
f 175//175 174//174 166//166
f 176//176 175//175 167//167
f 177//177 176//176 168//168
f 178//178 177//177 169//169
f 191//191 190//190 179//179
f 192//192 191//191 180//180
f 193//193 192//192 181//181
f 194//194 193//193 182//182
f 195//195 194//194 183//183
f 196//196 195//195 184//184
f 197//197 196//196 185//185
f 198//198 197//197 186//186
f 199//199 198//198 187//187
f 200//200 199//199 188//188
f 204//204 203//203 200//200
f 208//208 207//207 204//204
f 212//212 211//211 207//207
f 213//213 212//212 208//208
f 217//217 216//216 212//212
f 220//220 219//219 215//215
f 221//221 220//220 216//216
f 225//225 224//224 219//219
f 227//227 223//223 222//222
f 230//230 229//229 224//224
f 238//238 237//237 228//228
f 240//240 239//239 231//231
f 241//241 240//240 232//232
f 242//242 241//241 233//233
f 248//248 247//247 235//235
f 249//249 248//248 236//236
f 251//251 250//250 246//246
f 265//265 264//264 252//252
f 266//266 265//265 253//253
f 267//267 266//266 254//254
f 268//268 267//267 255//255
f 271//271 270//270 257//257
f 273//273 272//272 268//268
f 277//277 276//276 273//273
f 281//281 280//280 277//277
f 285//285 284//284 281//281
f 288//288 287//287 284//284
f 292//292 291//291 287//287
f 296//296 295//295 290//290
f 298//298 297//297 293//293
f 301//301 300//300 295//295
f 306//306 305//305 299//299
f 308//308 307//307 302//302
f 319//319 318//318 304//304
f 321//321 320//320 308//308
f 322//322 321//321 309//309
f 324//324 323//323 311//311
f 325//325 324//324 312//312
f 326//326 325//325 313//313
f 327//327 326//326 314//314
f 329//329 328//328 316//316
f 330//330 329//329 317//317
f 332//332 331//331 328//328
f 346//346 345//345 333//333
f 347//347 346//346 334//334
f 348//348 347//347 335//335
f 351//351 350//350 337//337
f 352//352 351//351 338//338
f 353//353 352//352 339//339
f 354//354 353//353 340//340
f 355//355 354//354 341//341
f 356//356 355//355 342//342
f 357//357 356//356 343//343
f 359//359 358//358 348//348
f 365//365 364//364 360//360
f 371//371 370//370 367//367
f 377//377 376//376 373//373
f 384//384 383//383 379//379
f 386//386 382//382 381//381
f 389//389 388//388 383//383
f 394//394 393//393 387//387
f 401//401 400//400 392//392
f 403//403 402//402 395//395
f 406//406 405//405 397//397
f 414//414 413//413 399//399
f 416//416 415//415 409//409
f 417//417 416//416 410//410
f 419//419 418//418 412//412
f 420//420 419//419 413//413
f 422//422 421//421 417//417
f 428//428 427//427 423//423
f 439//439 438//438 425//425
f 441//441 440//440 429//429
f 450//450 445//445 444//444
f 451//451 446//446 445//445
f 456//456 451//451 450//450
f 463//463 459//459 458//458
f 468//468 467//467 464//464
f 479//479 473//473 472//472
f 481//481 475//475 474//474
f 483//483 478//478 477//477
f 496//496 495//495 492//492
f 503//503 502//502 497//497
f 505//505 504//504 499//499
f 513//513 512//512 506//506
f 515//515 514//514 508//508
f 524//524 523//523 510//510
f 527//527 518//518 517//517
f 530//530 527//527 526//526
f 537//537 536//536 533//533
f 543//543 542//542 538//538
f 552//552 549//549 548//548
f 565//565 559//559 558//558
f 567//567 566//566 560//560
f 573//573 569//569 568//568
f 581//581 580//580 577//577
f 587//587 586//586 582//582
f 592//592 591//591 587//587
f 593//593 592//592 588//588
f 594//594 593//593 589//589
f 600//600 599//599 595//595
f 601//601 600//600 596//596
f 605//605 604//604 598//598
f 617//617 616//616 608//608
f 626//626 621//621 620//620
f 628//628 624//624 623//623
f 636//636 635//635 630//630
f 642//642 641//641 637//637
f 645//645 644//644 641//641
f 657//657 656//656 650//650
f 664//664 655//655 654//654
f 666//666 665//665 656//656
f 667//667 666//666 657//657
f 670//670 660//660 659//659
f 672//672 663//663 662//662
f 674//674 673//673 668//668
f 681//681 680//680 673//673
f 682//682 681//681 674//674
f 683//683 682//682 675//675
f 685//685 684//684 677//677
f 698//698 697//697 694//694
f 706//706 705//705 701//701
f 719//719 710//710 709//709
f 724//724 719//719 718//718
f 726//726 722//722 721//721
f 730//730 724//724 723//723
f 736//736 728//728 727//727
f 738//738 731//731 730//730
f 743//743 742//742 732//732
f 747//747 738//738 737//737
f 748//748 739//739 738//738
f 749//749 740//740 739//739
f 750//750 741//741 740//740
f 751//751 742//742 741//741
f 753//753 745//745 744//744
f 755//755 747//747 746//746
f 756//756 748//748 747//747
f 757//757 749//749 748//748
f 760//760 753//753 752//752
f 762//762 755//755 754//754
f 763//763 756//756 755//755
f 764//764 757//757 756//756
f 765//765 758//758 757//757
f 769//769 763//763 762//762
f 770//770 764//764 763//763
f 771//771 765//765 764//764
f 775//775 768//768 767//767
f 776//776 769//769 768//768
f 777//777 770//770 769//769
f 783//783 775//775 774//774
f 784//784 776//776 775//775
f 785//785 777//777 776//776
f 786//786 778//778 777//777
f 791//791 781//781 780//780
f 794//794 783//783 782//782
f 796//796 786//786 785//785
f 798//798 797//797 787//787
f 803//803 793//793 792//792
f 805//805 800//800 799//799
f 810//810 803//803 802//802
f 816//816 808//808 807//807
f 820//820 810//810 809//809
f 822//822 821//821 817//817
f 826//826 825//825 822//822
f 831//831 830//830 826//826
f 833//833 832//832 828//828
f 839//839 838//838 834//834
f 840//840 839//839 835//835
f 843//843 842//842 837//837
f 845//845 841//841 840//840
f 853//853 845//845 844//844
f 855//855 854//854 846//846
f 861//861 849//849 848//848
f 863//863 851//851 850//850
f 864//864 852//852 851//851
f 865//865 853//853 852//852
f 867//867 855//855 854//854
f 868//868 856//856 855//855
f 869//869 857//857 856//856
f 870//870 858//858 857//857
f 871//871 859//859 858//858
f 872//872 860//860 859//859
f 873//873 861//861 860//860
f 874//874 862//862 861//861
f 875//875 863//863 862//862
f 876//876 864//864 863//863
f 877//877 865//865 864//864
f 879//879 869//869 868//868
f 880//880 870//870 869//869
f 881//881 871//871 870//870
f 882//882 872//872 871//871
f 884//884 875//875 874//874
f 885//885 876//876 875//875
f 886//886 877//877 876//876
f 894//894 886//886 885//885
f 895//895 887//887 886//886
f 897//897 889//889 888//888
f 901//901 895//895 894//894
f 903//903 902//902 898//898
f 905//905 901//901 900//900
f 907//907 906//906 902//902
f 909//909 905//905 904//904
f 914//914 910//910 909//909
f 918//918 913//913 912//912
f 923//923 918//918 917//917
f 933//933 923//923 922//922
f 935//935 925//925 924//924
f 936//936 926//926 925//925
f 939//939 928//928 927//927
f 940//940 929//929 928//928
f 941//941 930//930 929//929
f 947//947 932//932 931//931
f 950//950 938//938 937//937
f 951//951 939//939 938//938
f 952//952 940//940 939//939
f 953//953 941//941 940//940
f 954//954 942//942 941//941
f 955//955 943//943 942//942
f 956//956 944//944 943//943
f 957//957 945//945 944//944
f 959//959 947//947 946//946
f 961//961 949//949 948//948
f 962//962 950//950 949//949
f 963//963 951//951 950//950
f 965//965 954//954 953//953
f 966//966 955//955 954//954
f 967//967 956//956 955//955
f 968//968 957//957 956//956
f 969//969 958//958 957//957
f 970//970 959//959 958//958
f 972//972 966//966 965//965
f 974//974 968//968 967//967
f 975//975 969//969 968//968
f 976//976 970//970 969//969
f 980//980 976//976 975//975
f 982//982 981//981 977//977
f 987//987 986//986 982//982
f 988//988 987//987 983//983
f 989//989 988//988 984//984
f 991//991 990//990 987//987
f 996//996 995//995 992//992
f 997//997 996//996 993//993
f 1003//1003 999//999 998//998
f 1005//1005 1001//1001 1000//1000
f 1009//1009 1003//1003 1002//1002
f 1010//1010 1004//1004 1003//1003
f 1011//1011 1005//1005 1004//1004
f 1013//1013 1007//1007 1006//1006
f 1015//1015 1009//1009 1008//1008
f 1022//1022 1017//1017 1016//1016
f 1023//1023 1018//1018 1017//1017
f 1029//1029 1020//1020 1019//1019
f 1030//1030 1021//1021 1020//1020
f 1031//1031 1022//1022 1021//1021
f 1032//1032 1023//1023 1022//1022
f 1033//1033 1024//1024 1023//1023
f 1034//1034 1025//1025 1024//1024
f 1038//1038 1027//1027 1026//1026
f 1040//1040 1033//1033 1032//1032
f 1041//1041 1034//1034 1033//1033
f 1042//1042 1035//1035 1034//1034
f 1045//1045 1041//1041 1040//1040
f 1046//1046 1042//1042 1041//1041
f 1049//1049 1046//1046 1045//1045
f 1053//1053 1049//1049 1048//1048
f 1054//1054 1050//1050 1049//1049
f 1059//1059 1053//1053 1052//1052
f 1064//1064 1058//1058 1057//1057
f 1065//1065 1059//1059 1058//1058
f 1072//1072 1064//1064 1063//1063
f 1073//1073 1065//1065 1064//1064
f 1075//1075 1068//1068 1067//1067
f 1076//1076 1069//1069 1068//1068
f 1077//1077 1070//1070 1069//1069
f 1078//1078 1071//1071 1070//1070
f 1079//1079 1072//1072 1071//1071
f 1081//1081 1079//1079 1078//1078
f 1085//1085 1083//1083 1082//1082
f 1089//1089 1085//1085 1084//1084
f 1090//1090 1086//1086 1085//1085
f 1091//1091 1087//1087 1086//1086
f 1094//1094 1089//1089 1088//1088
f 1096//1096 1091//1091 1090//1090
f 1097//1097 1092//1092 1091//1091
f 1103//1103 1102//1102 1098//1098
f 1105//1105 1104//1104 1100//1100
f 1110//1110 1109//1109 1106//1106
f 1111//1111 1110//1110 1107//1107
f 1114//1114 1111//1111 1110//1110
f 1116//1116 1113//1113 1112//1112
f 1117//1117 1114//1114 1113//1113
f 1119//1119 1116//1116 1115//1115
f 1129//1129 1121//1121 1120//1120
f 1130//1130 1122//1122 1121//1121
f 1131//1131 1123//1123 1122//1122
f 1132//1132 1124//1124 1123//1123
f 1133//1133 1125//1125 1124//1124
f 1138//1138 1131//1131 1130//1130
f 1139//1139 1132//1132 1131//1131
f 1140//1140 1133//1133 1132//1132
f 1141//1141 1134//1134 1133//1133
f 1144//1144 1143//1143 1135//1135
f 1146//1146 1140//1140 1139//1139
f 1147//1147 1141//1141 1140//1140
f 1148//1148 1142//1142 1141//1141
f 1150//1150 1149//1149 1143//1143
f 1153//1153 1146//1146 1145//1145
f 1154//1154 1147//1147 1146//1146
f 1155//1155 1148//1148 1147//1147
f 1159//1159 1152//1152 1151//1151
f 1160//1160 1153//1153 1152//1152
f 1161//1161 1154//1154 1153//1153
f 1162//1162 1155//1155 1154//1154
f 1168//1168 1159//1159 1158//1158
f 1169//1169 1160//1160 1159//1159
f 1170//1170 1161//1161 1160//1160
f 1172//1172 1166//1166 1165//1165
f 1173//1173 1167//1167 1166//1166
f 1174//1174 1168//1168 1167//1167
f 1175//1175 1169//1169 1168//1168
f 1176//1176 1170//1170 1169//1169
f 1180//1180 1178//1178 1177//1177
f 1184//1184 1180//1180 1179//1179
f 1185//1185 1181//1181 1180//1180
f 1186//1186 1182//1182 1181//1181
f 1190//1190 1186//1186 1185//1185
f 1192//1192 1191//1191 1187//1187
f 1193//1193 1192//1192 1188//1188
f 1198//1198 1195//1195 1194//1194
f 1199//1199 1196//1196 1195//1195
f 1201//1201 1198//1198 1197//1197
f 1209//1209 1203//1203 1202//1202
f 1210//1210 1204//1204 1203//1203
f 1211//1211 1205//1205 1204//1204
f 1212//1212 1206//1206 1205//1205
f 1217//1217 1211//1211 1210//1210
f 1218//1218 1212//1212 1211//1211
f 1219//1219 1213//1213 1212//1212
f 1220//1220 1214//1214 1213//1213
f 1225//1225 1217//1217 1216//1216
f 1226//1226 1218//1218 1217//1217
f 1227//1227 1219//1219 1218//1218
f 1228//1228 1220//1220 1219//1219
f 1231//1231 1224//1224 1223//1223
f 1232//1232 1225//1225 1224//1224
f 1233//1233 1226//1226 1225//1225
f 1234//1234 1227//1227 1226//1226
f 1236//1236 1231//1231 1230//1230
f 1237//1237 1232//1232 1231//1231
f 1238//1238 1233//1233 1232//1232
f 1239//1239 1234//1234 1233//1233
f 1244//1244 1241//1241 1240//1240
f 1245//1245 1242//1242 1241//1241
f 1247//1247 1244//1244 1243//1243
f 1248//1248 1245//1245 1244//1244
f 1255//1255 1250//1250 1249//1249
f 1256//1256 1251//1251 1250//1250
f 1257//1257 1252//1252 1251//1251
f 1259//1259 1258//1258 1253//1253
f 1261//1261 1256//1256 1255//1255
f 1262//1262 1257//1257 1256//1256
f 1264//1264 1261//1261 1260//1260
f 1269//1269 1266//1266 1265//1265
f 1270//1270 1267//1267 1266//1266
f 43//43 2//2 1//1
f 45//45 4//4 3//3
f 46//46 5//5 4//4
f 53//53 7//7 6//6
f 55//55 9//9 8//8
f 57//57 12//12 11//11
f 69//69 68//68 20//20
f 71//71 70//70 22//22
f 72//72 71//71 23//23
f 73//73 72//72 24//24
f 74//74 73//73 25//25
f 81//81 80//80 27//27
f 104//104 30//30 29//29
f 106//106 32//32 31//31
f 107//107 33//33 32//32
f 108//108 34//34 33//33
f 118//118 117//117 39//39
f 125//125 42//42 41//41
f 127//127 44//44 43//43
f 129//129 47//47 46//46
f 130//130 48//48 47//47
f 131//131 49//49 48//48
f 132//132 50//50 49//49
f 133//133 51//51 50//50
f 145//145 144//144 76//76
f 146//146 145//145 77//77
f 149//149 148//148 79//79
f 157//157 156//156 93//93
f 158//158 157//157 94//94
f 164//164 163//163 96//96
f 165//165 164//164 97//97
f 166//166 165//165 98//98
f 167//167 166//166 99//99
f 168//168 167//167 100//100
f 191//191 103//103 102//102
f 192//192 104//104 103//103
f 193//193 105//105 104//104
f 194//194 106//106 105//105
f 195//195 107//107 106//106
f 196//196 108//108 107//107
f 197//197 109//109 108//108
f 198//198 110//110 109//109
f 199//199 111//111 110//110
f 200//200 112//112 111//111
f 204//204 123//123 122//122
f 212//212 138//138 137//137
f 216//216 215//215 141//141
f 229//229 228//228 160//160
f 232//232 231//231 162//162
f 233//233 232//232 163//163
f 234//234 233//233 164//164
f 236//236 235//235 170//170
f 237//237 236//236 171//171
f 243//243 242//242 173//173
f 244//244 243//243 174//174
f 245//245 244//244 175//175
f 246//246 245//245 176//176
f 247//247 246//246 177//177
f 259//259 180//180 179//179
f 260//260 181//181 180//180
f 261//261 182//182 181//181
f 262//262 183//183 182//182
f 263//263 184//184 183//183
f 264//264 185//185 184//184
f 265//265 186//186 185//185
f 266//266 187//187 186//186
f 267//267 188//188 187//187
f 268//268 189//189 188//188
f 273//273 201//201 200//200
f 277//277 205//205 204//204
f 281//281 209//209 208//208
f 291//291 290//290 220//220
f 294//294 293//293 222//222
f 298//298 227//227 226//226
f 300//300 299//299 229//229
f 305//305 304//304 237//237
f 309//309 308//308 239//239
f 310//310 309//309 240//240
f 311//311 310//310 241//241
f 312//312 311//311 242//242
f 313//313 312//312 243//243
f 314//314 313//313 244//244
f 315//315 314//314 245//245
f 317//317 316//316 247//247
f 318//318 317//317 248//248
f 328//328 327//327 250//250
f 345//345 253//253 252//252
f 346//346 254//254 253//253
f 347//347 255//255 254//254
f 348//348 256//256 255//255
f 351//351 258//258 257//257
f 352//352 259//259 258//258
f 353//353 260//260 259//259
f 354//354 261//261 260//260
f 355//355 262//262 261//261
f 356//356 263//263 262//262
f 357//357 264//264 263//263
f 359//359 269//269 268//268
f 361//361 360//360 270//270
f 363//363 274//274 273//273
f 367//367 278//278 277//277
f 371//371 282//282 281//281
f 380//380 379//379 291//291
f 388//388 387//387 300//300
f 391//391 303//303 302//302
f 393//393 392//392 305//305
f 396//396 395//395 307//307
f 398//398 397//397 310//310
f 400//400 399//399 318//318
f 404//404 403//403 320//320
f 405//405 404//404 321//321
f 407//407 406//406 323//323
f 408//408 407//407 324//324
f 409//409 408//408 325//325
f 410//410 409//409 326//326
f 411//411 410//410 327//327
f 413//413 412//412 329//329
f 418//418 417//417 331//331
f 427//427 334//334 333//333
f 428//428 335//335 334//334
f 429//429 336//336 335//335
f 432//432 338//338 337//337
f 433//433 339//339 338//338
f 434//434 340//340 339//339
f 435//435 341//341 340//340
f 436//436 342//342 341//341
f 437//437 343//343 342//342
f 438//438 344//344 343//343
f 439//439 345//345 344//344
f 441//441 349//349 348//348
f 448//448 363//363 362//362
f 450//450 449//449 364//364
f 453//453 367//367 366//366
f 454//454 368//368 367//367
f 461//461 374//374 373//373
f 465//465 464//464 376//376
f 470//470 469//469 381//381
f 473//473 386//386 385//385
f 476//476 475//475 388//388
f 478//478 391//391 390//390
f 481//481 480//480 393//393
f 485//485 484//484 400//400
f 487//487 486//486 402//402
f 488//488 487//487 403//403
f 489//489 488//488 404//404
f 490//490 489//489 405//405
f 491//491 490//490 406//406
f 492//492 491//491 407//407
f 493//493 492//492 408//408
f 497//497 496//496 415//415
f 498//498 497//497 416//416
f 500//500 499//499 418//418
f 501//501 500//500 419//419
f 504//504 503//503 421//421
f 508//508 424//424 423//423
f 512//512 426//426 425//425
f 513//513 427//427 426//426
f 515//515 429//429 428//428
f 516//516 430//430 429//429
f 518//518 432//432 431//431
f 519//519 433//433 432//432
f 520//520 434//434 433//433
f 521//521 435//435 434//434
f 522//522 436//436 435//435
f 523//523 437//437 436//436
f 524//524 438//438 437//437
f 530//530 529//529 444//444
f 531//531 530//530 445//445
f 533//533 448//448 447//447
f 537//537 453//453 452//452
f 538//538 454//454 453//453
f 541//541 456//456 455//455
f 545//545 544//544 458//458
f 547//547 461//461 460//460
f 549//549 463//463 462//462
f 554//554 553//553 467//467
f 556//556 555//555 469//469
f 561//561 560//560 474//474
f 562//562 561//561 475//475
f 564//564 479//479 478//478
f 569//569 483//483 482//482
f 571//571 570//570 484//484
f 573//573 572//572 486//486
f 574//574 573//573 487//487
f 575//575 574//574 488//488
f 576//576 575//575 489//489
f 577//577 576//576 490//490
f 578//578 577//577 491//491
f 582//582 581//581 495//495
f 583//583 582//582 496//496
f 585//585 584//584 500//500
f 588//588 587//587 502//502
f 589//589 588//588 503//503
f 590//590 589//589 504//504
f 600//600 507//507 506//506
f 601//601 508//508 507//507
f 602//602 509//509 508//508
f 604//604 511//511 510//510
f 605//605 512//512 511//511
f 607//607 516//516 515//515
f 610//610 519//519 518//518
f 611//611 520//520 519//519
f 612//612 521//521 520//520
f 613//613 522//522 521//521
f 614//614 523//523 522//522
f 620//620 619//619 530//530
f 623//623 533//533 532//532
f 624//624 534//534 533//533
f 629//629 538//538 537//537
f 630//630 539//539 538//538
f 633//633 541//541 540//540
f 635//635 634//634 542//542
f 638//638 637//637 544//544
f 640//640 547//547 546//546
f 645//645 552//552 551//551
f 647//647 646//646 553//553
f 649//649 648//648 555//555
f 653//653 652//652 558//558
f 656//656 655//655 561//561
f 660//660 564//564 563//563
f 661//661 565//565 564//564
f 664//664 663//663 566//566
f 672//672 671//671 570//570
f 675//675 674//674 573//573
f 676//676 675//675 574//574
f 677//677 676//676 575//575
f 678//678 677//677 576//576
f 686//686 685//685 580//580
f 687//687 686//686 581//581
f 689//689 688//688 584//584
f 691//691 690//690 586//586
f 694//694 693//693 591//591
f 695//695 694//694 592//592
f 696//696 695//695 593//593
f 700//700 596//596 595//595
f 701//701 597//597 596//596
f 704//704 599//599 598//598
f 706//706 602//602 601//601
f 708//708 604//604 603//603
f 710//710 607//607 606//606
f 712//712 609//609 608//608
f 713//713 610//610 609//609
f 714//714 611//611 610//610
f 715//715 612//612 611//611
f 716//716 613//613 612//612
f 717//717 614//614 613//613
f 721//721 720//720 616//616
f 726//726 725//725 619//619
f 727//727 726//726 620//620
f 731//731 623//623 622//622
f 735//735 626//626 625//625
f 739//739 628//628 627//627
f 740//740 629//629 628//628
f 741//741 630//630 629//629
f 742//742 631//631 630//630
f 745//745 633//633 632//632
f 750//750 749//749 634//634
f 751//751 750//750 635//635
f 758//758 640//640 639//639
f 771//771 770//770 646//646
f 773//773 772//772 648//648
f 778//778 651//651 650//650
f 780//780 779//779 652//652
f 784//784 783//783 654//654
f 785//785 784//784 655//655
f 787//787 658//658 657//657
f 790//790 661//661 660//660
f 794//794 793//793 662//662
f 796//796 795//795 665//665
f 797//797 796//796 666//666
f 800//800 669//669 668//668
f 801//801 670//670 669//669
f 807//807 806//806 676//676
f 812//812 811//811 680//680
f 813//813 812//812 681//681
f 814//814 813//813 682//682
f 816//816 815//815 684//684
f 817//817 816//816 685//685
f 818//818 817//817 686//686
f 820//820 819//819 688//688
f 823//823 822//822 690//690
f 827//827 826//826 693//693
f 829//829 828//828 695//695
f 832//832 831//831 697//697
f 839//839 700//700 699//699
f 840//840 701//701 700//700
f 841//841 702//702 701//701
f 843//843 704//704 703//703
f 849//849 708//708 707//707
f 855//855 712//712 711//711
f 856//856 713//713 712//712
f 857//857 714//714 713//713
f 858//858 715//715 714//714
f 859//859 716//716 715//715
f 860//860 717//717 716//716
f 867//867 866//866 720//720
f 868//868 867//867 721//721
f 879//879 878//878 726//726
f 880//880 879//879 727//727
f 887//887 730//730 729//729
f 889//889 733//733 732//732
f 891//891 735//735 734//734
f 892//892 736//736 735//735
f 897//897 896//896 742//742
f 907//907 760//760 759//759
f 910//910 762//762 761//761
f 914//914 913//913 767//767
f 916//916 915//915 772//772
f 920//920 919//919 779//779
f 921//921 920//920 780//780
f 925//925 787//787 786//786
f 926//926 788//788 787//787
f 928//928 790//790 789//789
f 929//929 791//791 790//790
f 933//933 932//932 792//792
f 935//935 934//934 796//796
f 936//936 935//935 797//797
f 938//938 801//801 800//800
f 949//949 805//805 804//804
f 952//952 951//951 806//806
f 953//953 952//952 807//807
f 961//961 960//960 811//811
f 962//962 961//961 812//812
f 963//963 962//962 813//813
f 965//965 964//964 816//816
f 972//972 971//971 821//821
f 978//978 977//977 825//825
f 983//983 982//982 830//830
f 984//984 983//983 831//831
f 985//985 984//984 832//832
f 996//996 835//835 834//834
f 997//997 836//836 835//835
f 999//999 838//838 837//837
f 1007//1007 847//847 846//846
f 1010//1010 1009//1009 850//850
f 1011//1011 1010//1010 851//851
f 1013//1013 1012//1012 854//854
f 1015//1015 1014//1014 861//861
f 1017//1017 873//873 872//872
f 1018//1018 874//874 873//873
f 1020//1020 881//881 880//880
f 1021//1021 882//882 881//881
f 1024//1024 884//884 883//883
f 1025//1025 885//885 884//884
f 1027//1027 891//891 890//890
f 1028//1028 892//892 891//891
f 1035//1035 894//894 893//893
f 1037//1037 899//899 898//898
f 1050//1050 909//909 908//908
f 1054//1054 1053//1053 912//912
f 1056//1056 1055//1055 915//915
f 1061//1061 1060//1060 919//919
f 1062//1062 1061//1061 920//920
f 1067//1067 1066//1066 929//929
f 1073//1073 1072//1072 931//931
f 1075//1075 1074//1074 941//941
f 1076//1076 1075//1075 942//942
f 1077//1077 1076//1076 943//943
f 1078//1078 1077//1077 944//944
f 1081//1081 1080//1080 957//957
f 1083//1083 967//967 966//966
f 1086//1086 974//974 973//973
f 1087//1087 975//975 974//974
f 1092//1092 980//980 979//979
f 1094//1094 1093//1093 981//981
f 1099//1099 1098//1098 986//986
f 1101//1101 1100//1100 988//988
f 1104//1104 1103//1103 990//990
f 1110//1110 993//993 992//992
f 1111//1111 994//994 993//993
f 1117//1117 1116//1116 1000//1000
f 1119//1119 1118//1118 1003//1003
f 1121//1121 1028//1028 1027//1027
f 1122//1122 1029//1029 1028//1028
f 1123//1123 1030//1030 1029//1029
f 1124//1124 1031//1031 1030//1030
f 1125//1125 1032//1032 1031//1031
f 1127//1127 1037//1037 1036//1036
f 1128//1128 1038//1038 1037//1037
f 1134//1134 1040//1040 1039//1039
f 1142//1142 1045//1045 1044//1044
f 1157//1157 1156//1156 1055//1055
f 1162//1162 1161//1161 1057//1057
f 1164//1164 1163//1163 1060//1060
f 1165//1165 1164//1164 1061//1061
f 1172//1172 1171//1171 1066//1066
f 1173//1173 1172//1172 1067//1067
f 1174//1174 1173//1173 1068//1068
f 1175//1175 1174//1174 1069//1069
f 1176//1176 1175//1175 1070//1070
f 1178//1178 1090//1090 1089//1089
f 1181//1181 1096//1096 1095//1095
f 1182//1182 1097//1097 1096//1096
f 1188//1188 1187//1187 1102//1102
f 1189//1189 1188//1188 1103//1103
f 1190//1190 1189//1189 1104//1104
f 1195//1195 1107//1107 1106//1106
f 1196//1196 1108//1108 1107//1107
f 1199//1199 1198//1198 1110//1110
f 1201//1201 1200//1200 1112//1112
f 1203//1203 1127//1127 1126//1126
f 1204//1204 1128//1128 1127//1127
f 1205//1205 1129//1129 1128//1128
f 1206//1206 1130//1130 1129//1129
f 1208//1208 1136//1136 1135//1135
f 1213//1213 1138//1138 1137//1137
f 1214//1214 1139//1139 1138//1138
f 1222//1222 1221//1221 1149//1149
f 1228//1228 1227//1227 1151//1151
f 1230//1230 1229//1229 1156//1156
f 1236//1236 1235//1235 1163//1163
f 1237//1237 1236//1236 1164//1164
f 1238//1238 1237//1237 1165//1165
f 1239//1239 1238//1238 1166//1166
f 1241//1241 1184//1184 1183//1183
f 1242//1242 1185//1185 1184//1184
f 1247//1247 1246//1246 1191//1191
f 1248//1248 1247//1247 1192//1192
f 1250//1250 1208//1208 1207//1207
f 1251//1251 1209//1209 1208//1208
f 1252//1252 1210//1210 1209//1209
f 1260//1260 1259//1259 1221//1221
f 1262//1262 1261//1261 1223//1223
f 1264//1264 1263//1263 1229//1229
f 1266//1266 1254//1254 1253//1253
f 1267//1267 1255//1255 1254//1254
f 1269//1269 1268//1268 1258//1258
f 1270//1270 1269//1269 1259//1259
f 53//53 42//42 1//1
f 54//54 8//8 2//2
f 55//55 44//44 3//3
f 56//56 11//11 5//5
f 62//62 52//52 6//6
f 63//63 19//19 12//12
f 68//68 62//62 13//13
f 74//74 26//26 19//19
f 80//80 69//69 21//21
f 81//81 28//28 22//22
f 114//114 103//103 29//29
f 115//115 36//36 30//30
f 116//116 105//105 31//31
f 118//118 40//40 34//34
f 125//125 114//114 35//35
f 126//126 43//43 36//36
f 127//127 116//116 37//37
f 128//128 46//46 39//39
f 135//135 124//124 41//41
f 136//136 61//61 51//51
f 139//139 135//135 52//52
f 140//140 67//67 61//61
f 143//143 139//139 62//62
f 146//146 78//78 67//67
f 148//148 143//143 68//68
f 150//150 87//87 76//76
f 155//155 149//149 80//80
f 158//158 95//95 87//87
f 163//163 155//155 88//88
f 168//168 101//101 93//93
f 202//202 190//190 102//102
f 203//203 122//122 112//112
f 206//206 202//202 113//113
f 207//207 134//134 123//123
f 210//210 206//206 124//124
f 211//211 137//137 134//134
f 214//214 210//210 135//135
f 216//216 142//142 138//138
f 218//218 214//214 139//139
f 219//219 147//147 141//141
f 222//222 218//218 143//143
f 224//224 153//153 147//147
f 226//226 222//222 148//148
f 229//229 161//161 153//153
f 231//231 226//226 154//154
f 237//237 172//172 160//160
f 242//242 234//234 165//165
f 247//247 178//178 170//170
f 271//271 258//258 179//179
f 272//272 200//200 189//189
f 275//275 271//271 190//190
f 276//276 204//204 201//201
f 279//279 275//275 202//202
f 280//280 208//208 205//205
f 283//283 279//279 206//206
f 284//284 213//213 209//209
f 286//286 283//283 210//210
f 287//287 217//217 213//213
f 289//289 286//286 214//214
f 291//291 221//221 217//217
f 293//293 289//289 218//218
f 295//295 225//225 220//220
f 298//298 294//294 223//223
f 300//300 230//230 225//225
f 303//303 297//297 226//226
f 305//305 238//238 229//229
f 308//308 303//303 231//231
f 318//318 249//249 237//237
f 327//327 315//315 246//246
f 328//328 251//251 247//247
f 357//357 344//344 252//252
f 358//358 268//268 256//256
f 360//360 350//350 257//257
f 362//362 273//273 269//269
f 365//365 361//361 271//271
f 366//366 277//277 274//274
f 369//369 365//365 275//275
f 370//370 281//281 278//278
f 372//372 369//369 279//279
f 373//373 285//285 282//282
f 375//375 372//372 283//283
f 376//376 288//288 285//285
f 378//378 375//375 286//286
f 380//380 292//292 288//288
f 381//381 378//378 289//289
f 383//383 296//296 291//291
f 385//385 381//381 293//293
f 388//388 301//301 296//296
f 391//391 385//385 297//297
f 393//393 306//306 300//300
f 395//395 390//390 302//302
f 400//400 319//319 305//305
f 403//403 396//396 308//308
f 405//405 322//322 310//310
f 406//406 398//398 311//311
f 413//413 330//330 318//318
f 417//417 411//411 328//328
f 418//418 332//332 329//329
f 439//439 426//426 333//333
f 440//440 348//348 336//336
f 442//442 431//431 337//337
f 443//443 359//359 349//349
f 444//444 442//442 350//350
f 447//447 362//362 359//359
f 449//449 444//444 360//360
f 452//452 366//366 363//363
f 455//455 450//450 365//365
f 457//457 371//371 368//368
f 458//458 455//455 369//369
f 460//460 373//373 371//371
f 462//462 458//458 372//372
f 465//465 377//377 374//374
f 466//466 462//462 375//375
f 467//467 380//380 376//376
f 469//469 466//466 378//378
f 471//471 384//384 380//380
f 473//473 470//470 382//382
f 476//476 389//389 384//384
f 478//478 472//472 385//385
f 481//481 394//394 388//388
f 482//482 477//477 390//390
f 485//485 401//401 393//393
f 486//486 482//482 395//395
f 494//494 414//414 400//400
f 496//496 493//493 409//409
f 501//501 420//420 414//414
f 503//503 498//498 417//417
f 504//504 422//422 418//418
f 513//513 507//507 423//423
f 514//514 428//428 424//424
f 524//524 511//511 425//425
f 525//525 441//441 430//430
f 526//526 517//517 431//431
f 528//528 443//443 441//441
f 529//529 526//526 442//442
f 532//532 447//447 443//443
f 535//535 531//531 446//446
f 536//536 452//452 448//448
f 541//541 535//535 451//451
f 542//542 457//457 454//454
f 544//544 540//540 455//455
f 546//546 460//460 457//457
f 549//549 545//545 459//459
f 550//550 465//465 461//461
f 551//551 548//548 462//462
f 554//554 468//468 465//465
f 555//555 551//551 466//466
f 557//557 471//471 467//467
f 558//558 556//556 470//470
f 562//562 476//476 471//471
f 564//564 558//558 473//473
f 566//566 480//480 474//474
f 569//569 563//563 478//478
f 571//571 485//485 480//480
f 572//572 568//568 482//482
f 579//579 494//494 484//484
f 581//581 578//578 492//492
f 585//585 501//501 494//494
f 587//587 583//583 497//497
f 590//590 505//505 500//500
f 605//605 599//599 506//506
f 606//606 515//515 509//509
f 614//614 603//603 510//510
f 615//615 525//525 516//516
f 617//617 609//609 518//518
f 618//618 528//528 525//525
f 619//619 617//617 527//527
f 622//622 532//532 528//528
f 625//625 620//620 531//531
f 628//628 537//537 534//534
f 633//633 625//625 535//535
f 635//635 543//543 539//539
f 637//637 632//632 540//540
f 639//639 546//546 542//542
f 642//642 638//638 545//545
f 643//643 550//550 547//547
f 645//645 642//642 549//549
f 647//647 554//554 550//550
f 648//648 644//644 551//551
f 650//650 557//557 553//553
f 652//652 649//649 556//556
f 656//656 562//562 557//557
f 661//661 653//653 559//559
f 664//664 567//567 561//561
f 669//669 659//659 563//563
f 672//672 571//571 566//566
f 674//674 669//669 569//569
f 679//679 579//579 570//570
f 685//685 678//678 577//577
f 689//689 585//585 579//579
f 690//690 687//687 582//582
f 692//692 590//590 584//584
f 693//693 691//691 587//587
f 696//696 594//594 590//590
f 704//704 699//699 595//595
f 705//705 601//601 597//597
f 708//708 703//703 598//598
f 709//709 606//606 602//602
f 717//717 707//707 603//603
f 719//719 615//615 607//607
f 720//720 711//711 608//608
f 724//724 618//618 615//615
f 725//725 721//721 617//617
f 730//730 622//622 618//618
f 735//735 727//727 621//621
f 738//738 627//627 623//623
f 745//745 734//734 625//625
f 751//751 636//636 631//631
f 752//752 744//744 632//632
f 757//757 639//639 634//634
f 759//759 752//752 637//637
f 765//765 643//643 640//640
f 766//766 759//759 641//641
f 771//771 647//647 643//643
f 772//772 766//766 644//644
f 777//777 650//650 646//646
f 779//779 773//773 649//649
f 786//786 657//657 651//651
f 790//790 780//780 653//653
f 794//794 663//663 654//654
f 795//795 785//785 656//656
f 797//797 667//667 658//658
f 801//801 789//789 660//660
f 803//803 671//671 662//662
f 804//804 799//799 668//668
f 810//810 679//679 671//671
f 811//811 804//804 673//673
f 814//814 683//683 676//676
f 815//815 807//807 677//677
f 820//820 689//689 679//679
f 822//822 818//818 687//687
f 824//824 692//692 688//688
f 826//826 823//823 691//691
f 829//829 696//696 692//692
f 831//831 827//827 694//694
f 832//832 698//698 695//695
f 843//843 838//838 699//699
f 845//845 706//706 702//702
f 849//849 842//842 703//703
f 853//853 709//709 706//706
f 860//860 848//848 707//707
f 865//865 718//718 709//709
f 866//866 854//854 711//711
f 877//877 723//723 718//718
f 878//878 868//868 722//722
f 886//886 729//729 723//723
f 892//892 880//880 728//728
f 895//895 737//737 730//730
f 896//896 888//888 732//732
f 897//897 743//743 733//733
f 899//899 890//890 734//734
f 901//901 746//746 737//737
f 903//903 899//899 745//745
f 905//905 754//754 746//746
f 907//907 903//903 753//753
f 909//909 761//761 754//754
f 911//911 906//906 759//759
f 914//914 768//768 762//762
f 915//915 911//911 766//766
f 918//918 774//774 767//767
f 919//919 916//916 773//773
f 923//923 782//782 774//774
f 929//929 921//921 781//781
f 933//933 793//793 782//782
f 934//934 924//924 786//786
f 936//936 798//798 788//788
f 938//938 927//927 789//789
f 947//947 802//802 792//792
f 949//949 937//937 800//800
f 959//959 809//809 802//802
f 960//960 948//948 804//804
f 963//963 814//814 806//806
f 964//964 953//953 808//808
f 970//970 819//819 809//809
f 971//971 965//965 817//817
f 976//976 824//824 819//819
f 977//977 972//972 822//822
f 980//980 829//829 824//824
f 982//982 978//978 826//826
f 985//985 833//833 829//829
f 999//999 995//995 834//834
f 1001//1001 840//840 836//836
f 1002//1002 998//998 837//837
f 1005//1005 844//844 840//840
f 1008//1008 1002//1002 842//842
f 1011//1011 852//852 844//844
f 1012//1012 1006//1006 846//846
f 1013//1013 855//855 847//847
f 1014//1014 1008//1008 849//849
f 1015//1015 862//862 850//850
f 1021//1021 1016//1016 872//872
f 1023//1023 883//883 874//874
f 1028//1028 1019//1019 880//880
f 1034//1034 893//893 885//885
f 1037//1037 1026//1026 890//890
f 1042//1042 900//900 894//894
f 1043//1043 1036//1036 898//898
f 1046//1046 904//904 900//900
f 1047//1047 1043//1043 902//902
f 1049//1049 908//908 904//904
f 1051//1051 1047//1047 906//906
f 1054//1054 913//913 909//909
f 1055//1055 1051//1051 911//911
f 1059//1059 917//917 912//912
f 1060//1060 1056//1056 916//916
f 1065//1065 922//922 917//917
f 1066//1066 1062//1062 921//921
f 1073//1073 932//932 922//922
f 1074//1074 1067//1067 930//930
f 1079//1079 946//946 931//931
f 1080//1080 1078//1078 945//945
f 1081//1081 958//958 946//946
f 1084//1084 1082//1082 966//966
f 1085//1085 973//973 967//967
f 1088//1088 1084//1084 972//972
f 1091//1091 979//979 975//975
f 1093//1093 1088//1088 977//977
f 1097//1097 985//985 980//980
f 1098//1098 1094//1094 982//982
f 1101//1101 989//989 985//985
f 1103//1103 1099//1099 987//987
f 1104//1104 991//991 988//988
f 1112//1112 1109//1109 992//992
f 1114//1114 997//997 994//994
f 1115//1115 1112//1112 995//995
f 1117//1117 1001//1001 997//997
f 1118//1118 1115//1115 999//999
f 1119//1119 1004//1004 1000//1000
f 1128//1128 1120//1120 1027//1027
f 1133//1133 1039//1039 1032//1032
f 1136//1136 1126//1126 1036//1036
f 1141//1141 1044//1044 1040//1040
f 1144//1144 1136//1136 1043//1043
f 1148//1148 1048//1048 1045//1045
f 1150//1150 1144//1144 1047//1047
f 1155//1155 1052//1052 1048//1048
f 1156//1156 1150//1150 1051//1051
f 1162//1162 1058//1058 1052//1052
f 1163//1163 1157//1157 1056//1056
f 1170//1170 1063//1063 1057//1057
f 1171//1171 1165//1165 1062//1062
f 1176//1176 1071//1071 1063//1063
f 1179//1179 1177//1177 1089//1089
f 1180//1180 1095//1095 1090//1090
f 1183//1183 1179//1179 1094//1094
f 1186//1186 1101//1101 1097//1097
f 1187//1187 1183//1183 1098//1098
f 1190//1190 1105//1105 1101//1101
f 1197//1197 1194//1194 1106//1106
f 1199//1199 1111//1111 1108//1108
f 1200//1200 1197//1197 1109//1109
f 1201//1201 1113//1113 1110//1110
f 1208//1208 1202//1202 1126//1126
f 1212//1212 1137//1137 1130//1130
f 1215//1215 1207//1207 1135//1135
f 1220//1220 1145//1145 1139//1139
f 1221//1221 1215//1215 1143//1143
f 1228//1228 1152//1152 1145//1145
f 1229//1229 1222//1222 1150//1150
f 1234//1234 1158//1158 1151//1151
f 1235//1235 1230//1230 1157//1157
f 1239//1239 1167//1167 1158//1158
f 1243//1243 1240//1240 1183//1183
f 1245//1245 1189//1189 1185//1185
f 1246//1246 1243//1243 1187//1187
f 1248//1248 1193//1193 1189//1189
f 1254//1254 1249//1249 1207//1207
f 1257//1257 1216//1216 1210//1210
f 1259//1259 1254//1254 1215//1215
f 1262//1262 1224//1224 1216//1216
f 1263//1263 1260//1260 1222//1222
f 1264//1264 1230//1230 1223//1223
f 1268//1268 1265//1265 1253//1253
f 1270//1270 1260//1260 1255//1255
f 8//8 1//1 2//2
f 10//10 3//3 4//4
f 11//11 4//4 5//5
f 14//14 6//6 7//7
f 15//15 7//7 8//8
f 16//16 8//8 9//9
f 17//17 9//9 10//10
f 18//18 10//10 11//11
f 19//19 11//11 12//12
f 21//21 13//13 14//14
f 22//22 14//14 15//15
f 23//23 15//15 16//16
f 24//24 16//16 17//17
f 25//25 17//17 18//18
f 26//26 18//18 19//19
f 28//28 21//21 22//22
f 36//36 29//29 30//30
f 38//38 31//31 32//32
f 39//39 32//32 33//33
f 40//40 33//33 34//34
f 43//43 35//35 36//36
f 45//45 37//37 38//38
f 46//46 38//38 39//39
f 53//53 41//41 42//42
f 55//55 43//43 44//44
f 57//57 46//46 47//47
f 58//58 47//47 48//48
f 59//59 48//48 49//49
f 60//60 49//49 50//50
f 61//61 50//50 51//51
f 64//64 57//57 58//58
f 65//65 58//58 59//59
f 66//66 59//59 60//60
f 67//67 60//60 61//61
f 75//75 63//63 64//64
f 76//76 64//64 65//65
f 77//77 65//65 66//66
f 78//78 66//66 67//67
f 80//80 68//68 69//69
f 82//82 70//70 71//71
f 83//83 71//71 72//72
f 84//84 72//72 73//73
f 85//85 73//73 74//74
f 86//86 74//74 75//75
f 87//87 75//75 76//76
f 89//89 80//80 81//81
f 90//90 81//81 82//82
f 91//91 82//82 83//83
f 92//92 83//83 84//84
f 93//93 84//84 85//85
f 94//94 85//85 86//86
f 95//95 86//86 87//87
f 97//97 88//88 89//89
f 98//98 89//89 90//90
f 99//99 90//90 91//91
f 100//100 91//91 92//92
f 101//101 92//92 93//93
f 114//114 102//102 103//103
f 116//116 104//104 105//105
f 119//119 108//108 109//109
f 120//120 109//109 110//110
f 121//121 110//110 111//111
f 122//122 111//111 112//112
f 125//125 113//113 114//114
f 127//127 115//115 116//116
f 129//129 117//117 118//118
f 130//130 118//118 119//119
f 131//131 119//119 120//120
f 132//132 120//120 121//121
f 133//133 121//121 122//122
f 134//134 122//122 123//123
f 137//137 133//133 134//134
f 141//141 136//136 137//137
f 142//142 137//137 138//138
f 147//147 140//140 141//141
f 151//151 144//144 145//145
f 152//152 145//145 146//146
f 153//153 146//146 147//147
f 155//155 148//148 149//149
f 159//159 150//150 151//151
f 160//160 151//151 152//152
f 161//161 152//152 153//153
f 163//163 154//154 155//155
f 169//169 156//156 157//157
f 170//170 157//157 158//158
f 171//171 158//158 159//159
f 172//172 159//159 160//160
f 174//174 165//165 166//166
f 175//175 166//166 167//167
f 176//176 167//167 168//168
f 177//177 168//168 169//169
f 178//178 169//169 170//170
f 191//191 179//179 180//180
f 192//192 180//180 181//181
f 193//193 181//181 182//182
f 194//194 182//182 183//183
f 195//195 183//183 184//184
f 196//196 184//184 185//185
f 197//197 185//185 186//186
f 198//198 186//186 187//187
f 199//199 187//187 188//188
f 200//200 188//188 189//189
f 204//204 200//200 201//201
f 208//208 204//204 205//205
f 212//212 207//207 208//208
f 213//213 208//208 209//209
f 217//217 212//212 213//213
f 220//220 215//215 216//216
f 221//221 216//216 217//217
f 225//225 219//219 220//220
f 227//227 222//222 226//226
f 230//230 224//224 225//225
f 238//238 228//228 229//229
f 240//240 231//231 232//232
f 241//241 232//232 233//233
f 242//242 233//233 234//234
f 248//248 235//235 236//236
f 249//249 236//236 237//237
f 251//251 246//246 247//247
f 265//265 252//252 253//253
f 266//266 253//253 254//254
f 267//267 254//254 255//255
f 268//268 255//255 256//256
f 271//271 257//257 258//258
f 273//273 268//268 269//269
f 277//277 273//273 274//274
f 281//281 277//277 278//278
f 285//285 281//281 282//282
f 288//288 284//284 285//285
f 292//292 287//287 288//288
f 296//296 290//290 291//291
f 298//298 293//293 294//294
f 301//301 295//295 296//296
f 306//306 299//299 300//300
f 308//308 302//302 303//303
f 319//319 304//304 305//305
f 321//321 308//308 309//309
f 322//322 309//309 310//310
f 324//324 311//311 312//312
f 325//325 312//312 313//313
f 326//326 313//313 314//314
f 327//327 314//314 315//315
f 329//329 316//316 317//317
f 330//330 317//317 318//318
f 332//332 328//328 329//329
f 346//346 333//333 334//334
f 347//347 334//334 335//335
f 348//348 335//335 336//336
f 351//351 337//337 338//338
f 352//352 338//338 339//339
f 353//353 339//339 340//340
f 354//354 340//340 341//341
f 355//355 341//341 342//342
f 356//356 342//342 343//343
f 357//357 343//343 344//344
f 359//359 348//348 349//349
f 365//365 360//360 361//361
f 371//371 367//367 368//368
f 377//377 373//373 374//374
f 384//384 379//379 380//380
f 386//386 381//381 385//385
f 389//389 383//383 384//384
f 394//394 387//387 388//388
f 401//401 392//392 393//393
f 403//403 395//395 396//396
f 406//406 397//397 398//398
f 414//414 399//399 400//400
f 416//416 409//409 410//410
f 417//417 410//410 411//411
f 419//419 412//412 413//413
f 420//420 413//413 414//414
f 422//422 417//417 418//418
f 428//428 423//423 424//424
f 439//439 425//425 426//426
f 441//441 429//429 430//430
f 450//450 444//444 449//449
f 451//451 445//445 450//450
f 456//456 450//450 455//455
f 463//463 458//458 462//462
f 468//468 464//464 465//465
f 479//479 472//472 478//478
f 481//481 474//474 480//480
f 483//483 477//477 482//482
f 496//496 492//492 493//493
f 503//503 497//497 498//498
f 505//505 499//499 500//500
f 513//513 506//506 507//507
f 515//515 508//508 509//509
f 524//524 510//510 511//511
f 527//527 517//517 526//526
f 530//530 526//526 529//529
f 537//537 533//533 534//534
f 543//543 538//538 539//539
f 552//552 548//548 551//551
f 565//565 558//558 564//564
f 567//567 560//560 561//561
f 573//573 568//568 572//572
f 581//581 577//577 578//578
f 587//587 582//582 583//583
f 592//592 587//587 588//588
f 593//593 588//588 589//589
f 594//594 589//589 590//590
f 600//600 595//595 596//596
f 601//601 596//596 597//597
f 605//605 598//598 599//599
f 617//617 608//608 609//609
f 626//626 620//620 625//625
f 628//628 623//623 627//627
f 636//636 630//630 631//631
f 642//642 637//637 638//638
f 645//645 641//641 642//642
f 657//657 650//650 651//651
f 664//664 654//654 663//663
f 666//666 656//656 657//657
f 667//667 657//657 658//658
f 670//670 659//659 669//669
f 672//672 662//662 671//671
f 674//674 668//668 669//669
f 681//681 673//673 674//674
f 682//682 674//674 675//675
f 683//683 675//675 676//676
f 685//685 677//677 678//678
f 698//698 694//694 695//695
f 706//706 701//701 702//702
f 719//719 709//709 718//718
f 724//724 718//718 723//723
f 726//726 721//721 725//725
f 730//730 723//723 729//729
f 736//736 727//727 735//735
f 738//738 730//730 737//737
f 743//743 732//732 733//733
f 747//747 737//737 746//746
f 748//748 738//738 747//747
f 749//749 739//739 748//748
f 750//750 740//740 749//749
f 751//751 741//741 750//750
f 753//753 744//744 752//752
f 755//755 746//746 754//754
f 756//756 747//747 755//755
f 757//757 748//748 756//756
f 760//760 752//752 759//759
f 762//762 754//754 761//761
f 763//763 755//755 762//762
f 764//764 756//756 763//763
f 765//765 757//757 764//764
f 769//769 762//762 768//768
f 770//770 763//763 769//769
f 771//771 764//764 770//770
f 775//775 767//767 774//774
f 776//776 768//768 775//775
f 777//777 769//769 776//776
f 783//783 774//774 782//782
f 784//784 775//775 783//783
f 785//785 776//776 784//784
f 786//786 777//777 785//785
f 791//791 780//780 790//790
f 794//794 782//782 793//793
f 796//796 785//785 795//795
f 798//798 787//787 788//788
f 803//803 792//792 802//802
f 805//805 799//799 804//804
f 810//810 802//802 809//809
f 816//816 807//807 815//815
f 820//820 809//809 819//819
f 822//822 817//817 818//818
f 826//826 822//822 823//823
f 831//831 826//826 827//827
f 833//833 828//828 829//829
f 839//839 834//834 835//835
f 840//840 835//835 836//836
f 843//843 837//837 838//838
f 845//845 840//840 844//844
f 853//853 844//844 852//852
f 855//855 846//846 847//847
f 861//861 848//848 860//860
f 863//863 850//850 862//862
f 864//864 851//851 863//863
f 865//865 852//852 864//864
f 867//867 854//854 866//866
f 868//868 855//855 867//867
f 869//869 856//856 868//868
f 870//870 857//857 869//869
f 871//871 858//858 870//870
f 872//872 859//859 871//871
f 873//873 860//860 872//872
f 874//874 861//861 873//873
f 875//875 862//862 874//874
f 876//876 863//863 875//875
f 877//877 864//864 876//876
f 879//879 868//868 878//878
f 880//880 869//869 879//879
f 881//881 870//870 880//880
f 882//882 871//871 881//881
f 884//884 874//874 883//883
f 885//885 875//875 884//884
f 886//886 876//876 885//885
f 894//894 885//885 893//893
f 895//895 886//886 894//894
f 897//897 888//888 896//896
f 901//901 894//894 900//900
f 903//903 898//898 899//899
f 905//905 900//900 904//904
f 907//907 902//902 903//903
f 909//909 904//904 908//908
f 914//914 909//909 913//913
f 918//918 912//912 917//917
f 923//923 917//917 922//922
f 933//933 922//922 932//932
f 935//935 924//924 934//934
f 936//936 925//925 935//935
f 939//939 927//927 938//938
f 940//940 928//928 939//939
f 941//941 929//929 940//940
f 947//947 931//931 946//946
f 950//950 937//937 949//949
f 951//951 938//938 950//950
f 952//952 939//939 951//951
f 953//953 940//940 952//952
f 954//954 941//941 953//953
f 955//955 942//942 954//954
f 956//956 943//943 955//955
f 957//957 944//944 956//956
f 959//959 946//946 958//958
f 961//961 948//948 960//960
f 962//962 949//949 961//961
f 963//963 950//950 962//962
f 965//965 953//953 964//964
f 966//966 954//954 965//965
f 967//967 955//955 966//966
f 968//968 956//956 967//967
f 969//969 957//957 968//968
f 970//970 958//958 969//969
f 972//972 965//965 971//971
f 974//974 967//967 973//973
f 975//975 968//968 974//974
f 976//976 969//969 975//975
f 980//980 975//975 979//979
f 982//982 977//977 978//978
f 987//987 982//982 983//983
f 988//988 983//983 984//984
f 989//989 984//984 985//985
f 991//991 987//987 988//988
f 996//996 992//992 993//993
f 997//997 993//993 994//994
f 1003//1003 998//998 1002//1002
f 1005//1005 1000//1000 1004//1004
f 1009//1009 1002//1002 1008//1008
f 1010//1010 1003//1003 1009//1009
f 1011//1011 1004//1004 1010//1010
f 1013//1013 1006//1006 1012//1012
f 1015//1015 1008//1008 1014//1014
f 1022//1022 1016//1016 1021//1021
f 1023//1023 1017//1017 1022//1022
f 1029//1029 1019//1019 1028//1028
f 1030//1030 1020//1020 1029//1029
f 1031//1031 1021//1021 1030//1030
f 1032//1032 1022//1022 1031//1031
f 1033//1033 1023//1023 1032//1032
f 1034//1034 1024//1024 1033//1033
f 1038//1038 1026//1026 1037//1037
f 1040//1040 1032//1032 1039//1039
f 1041//1041 1033//1033 1040//1040
f 1042//1042 1034//1034 1041//1041
f 1045//1045 1040//1040 1044//1044
f 1046//1046 1041//1041 1045//1045
f 1049//1049 1045//1045 1048//1048
f 1053//1053 1048//1048 1052//1052
f 1054//1054 1049//1049 1053//1053
f 1059//1059 1052//1052 1058//1058
f 1064//1064 1057//1057 1063//1063
f 1065//1065 1058//1058 1064//1064
f 1072//1072 1063//1063 1071//1071
f 1073//1073 1064//1064 1072//1072
f 1075//1075 1067//1067 1074//1074
f 1076//1076 1068//1068 1075//1075
f 1077//1077 1069//1069 1076//1076
f 1078//1078 1070//1070 1077//1077
f 1079//1079 1071//1071 1078//1078
f 1081//1081 1078//1078 1080//1080
f 1085//1085 1082//1082 1084//1084
f 1089//1089 1084//1084 1088//1088
f 1090//1090 1085//1085 1089//1089
f 1091//1091 1086//1086 1090//1090
f 1094//1094 1088//1088 1093//1093
f 1096//1096 1090//1090 1095//1095
f 1097//1097 1091//1091 1096//1096
f 1103//1103 1098//1098 1099//1099
f 1105//1105 1100//1100 1101//1101
f 1110//1110 1106//1106 1107//1107
f 1111//1111 1107//1107 1108//1108
f 1114//1114 1110//1110 1113//1113
f 1116//1116 1112//1112 1115//1115
f 1117//1117 1113//1113 1116//1116
f 1119//1119 1115//1115 1118//1118
f 1129//1129 1120//1120 1128//1128
f 1130//1130 1121//1121 1129//1129
f 1131//1131 1122//1122 1130//1130
f 1132//1132 1123//1123 1131//1131
f 1133//1133 1124//1124 1132//1132
f 1138//1138 1130//1130 1137//1137
f 1139//1139 1131//1131 1138//1138
f 1140//1140 1132//1132 1139//1139
f 1141//1141 1133//1133 1140//1140
f 1144//1144 1135//1135 1136//1136
f 1146//1146 1139//1139 1145//1145
f 1147//1147 1140//1140 1146//1146
f 1148//1148 1141//1141 1147//1147
f 1150//1150 1143//1143 1144//1144
f 1153//1153 1145//1145 1152//1152
f 1154//1154 1146//1146 1153//1153
f 1155//1155 1147//1147 1154//1154
f 1159//1159 1151//1151 1158//1158
f 1160//1160 1152//1152 1159//1159
f 1161//1161 1153//1153 1160//1160
f 1162//1162 1154//1154 1161//1161
f 1168//1168 1158//1158 1167//1167
f 1169//1169 1159//1159 1168//1168
f 1170//1170 1160//1160 1169//1169
f 1172//1172 1165//1165 1171//1171
f 1173//1173 1166//1166 1172//1172
f 1174//1174 1167//1167 1173//1173
f 1175//1175 1168//1168 1174//1174
f 1176//1176 1169//1169 1175//1175
f 1180//1180 1177//1177 1179//1179
f 1184//1184 1179//1179 1183//1183
f 1185//1185 1180//1180 1184//1184
f 1186//1186 1181//1181 1185//1185
f 1190//1190 1185//1185 1189//1189
f 1192//1192 1187//1187 1188//1188
f 1193//1193 1188//1188 1189//1189
f 1198//1198 1194//1194 1197//1197
f 1199//1199 1195//1195 1198//1198
f 1201//1201 1197//1197 1200//1200
f 1209//1209 1202//1202 1208//1208
f 1210//1210 1203//1203 1209//1209
f 1211//1211 1204//1204 1210//1210
f 1212//1212 1205//1205 1211//1211
f 1217//1217 1210//1210 1216//1216
f 1218//1218 1211//1211 1217//1217
f 1219//1219 1212//1212 1218//1218
f 1220//1220 1213//1213 1219//1219
f 1225//1225 1216//1216 1224//1224
f 1226//1226 1217//1217 1225//1225
f 1227//1227 1218//1218 1226//1226
f 1228//1228 1219//1219 1227//1227
f 1231//1231 1223//1223 1230//1230
f 1232//1232 1224//1224 1231//1231
f 1233//1233 1225//1225 1232//1232
f 1234//1234 1226//1226 1233//1233
f 1236//1236 1230//1230 1235//1235
f 1237//1237 1231//1231 1236//1236
f 1238//1238 1232//1232 1237//1237
f 1239//1239 1233//1233 1238//1238
f 1244//1244 1240//1240 1243//1243
f 1245//1245 1241//1241 1244//1244
f 1247//1247 1243//1243 1246//1246
f 1248//1248 1244//1244 1247//1247
f 1255//1255 1249//1249 1254//1254
f 1256//1256 1250//1250 1255//1255
f 1257//1257 1251//1251 1256//1256
f 1259//1259 1253//1253 1254//1254
f 1261//1261 1255//1255 1260//1260
f 1262//1262 1256//1256 1261//1261
f 1264//1264 1260//1260 1263//1263
f 1269//1269 1265//1265 1268//1268
f 1270//1270 1266//1266 1269//1269
f 43//43 1//1 42//42
f 45//45 3//3 44//44
f 46//46 4//4 45//45
f 53//53 6//6 52//52
f 55//55 8//8 54//54
f 57//57 11//11 56//56
f 69//69 20//20 21//21
f 71//71 22//22 23//23
f 72//72 23//23 24//24
f 73//73 24//24 25//25
f 74//74 25//25 26//26
f 81//81 27//27 28//28
f 104//104 29//29 103//103
f 106//106 31//31 105//105
f 107//107 32//32 106//106
f 108//108 33//33 107//107
f 118//118 39//39 40//40
f 125//125 41//41 124//124
f 127//127 43//43 126//126
f 129//129 46//46 128//128
f 130//130 47//47 129//129
f 131//131 48//48 130//130
f 132//132 49//49 131//131
f 133//133 50//50 132//132
f 145//145 76//76 77//77
f 146//146 77//77 78//78
f 149//149 79//79 80//80
f 157//157 93//93 94//94
f 158//158 94//94 95//95
f 164//164 96//96 97//97
f 165//165 97//97 98//98
f 166//166 98//98 99//99
f 167//167 99//99 100//100
f 168//168 100//100 101//101
f 191//191 102//102 190//190
f 192//192 103//103 191//191
f 193//193 104//104 192//192
f 194//194 105//105 193//193
f 195//195 106//106 194//194
f 196//196 107//107 195//195
f 197//197 108//108 196//196
f 198//198 109//109 197//197
f 199//199 110//110 198//198
f 200//200 111//111 199//199
f 204//204 122//122 203//203
f 212//212 137//137 211//211
f 216//216 141//141 142//142
f 229//229 160//160 161//161
f 232//232 162//162 163//163
f 233//233 163//163 164//164
f 234//234 164//164 165//165
f 236//236 170//170 171//171
f 237//237 171//171 172//172
f 243//243 173//173 174//174
f 244//244 174//174 175//175
f 245//245 175//175 176//176
f 246//246 176//176 177//177
f 247//247 177//177 178//178
f 259//259 179//179 258//258
f 260//260 180//180 259//259
f 261//261 181//181 260//260
f 262//262 182//182 261//261
f 263//263 183//183 262//262
f 264//264 184//184 263//263
f 265//265 185//185 264//264
f 266//266 186//186 265//265
f 267//267 187//187 266//266
f 268//268 188//188 267//267
f 273//273 200//200 272//272
f 277//277 204//204 276//276
f 281//281 208//208 280//280
f 291//291 220//220 221//221
f 294//294 222//222 223//223
f 298//298 226//226 297//297
f 300//300 229//229 230//230
f 305//305 237//237 238//238
f 309//309 239//239 240//240
f 310//310 240//240 241//241
f 311//311 241//241 242//242
f 312//312 242//242 243//243
f 313//313 243//243 244//244
f 314//314 244//244 245//245
f 315//315 245//245 246//246
f 317//317 247//247 248//248
f 318//318 248//248 249//249
f 328//328 250//250 251//251
f 345//345 252//252 344//344
f 346//346 253//253 345//345
f 347//347 254//254 346//346
f 348//348 255//255 347//347
f 351//351 257//257 350//350
f 352//352 258//258 351//351
f 353//353 259//259 352//352
f 354//354 260//260 353//353
f 355//355 261//261 354//354
f 356//356 262//262 355//355
f 357//357 263//263 356//356
f 359//359 268//268 358//358
f 361//361 270//270 271//271
f 363//363 273//273 362//362
f 367//367 277//277 366//366
f 371//371 281//281 370//370
f 380//380 291//291 292//292
f 388//388 300//300 301//301
f 391//391 302//302 390//390
f 393//393 305//305 306//306
f 396//396 307//307 308//308
f 398//398 310//310 311//311
f 400//400 318//318 319//319
f 404//404 320//320 321//321
f 405//405 321//321 322//322
f 407//407 323//323 324//324
f 408//408 324//324 325//325
f 409//409 325//325 326//326
f 410//410 326//326 327//327
f 411//411 327//327 328//328
f 413//413 329//329 330//330
f 418//418 331//331 332//332
f 427//427 333//333 426//426
f 428//428 334//334 427//427
f 429//429 335//335 428//428
f 432//432 337//337 431//431
f 433//433 338//338 432//432
f 434//434 339//339 433//433
f 435//435 340//340 434//434
f 436//436 341//341 435//435
f 437//437 342//342 436//436
f 438//438 343//343 437//437
f 439//439 344//344 438//438
f 441//441 348//348 440//440
f 448//448 362//362 447//447
f 450//450 364//364 365//365
f 453//453 366//366 452//452
f 454//454 367//367 453//453
f 461//461 373//373 460//460
f 465//465 376//376 377//377
f 470//470 381//381 382//382
f 473//473 385//385 472//472
f 476//476 388//388 389//389
f 478//478 390//390 477//477
f 481//481 393//393 394//394
f 485//485 400//400 401//401
f 487//487 402//402 403//403
f 488//488 403//403 404//404
f 489//489 404//404 405//405
f 490//490 405//405 406//406
f 491//491 406//406 407//407
f 492//492 407//407 408//408
f 493//493 408//408 409//409
f 497//497 415//415 416//416
f 498//498 416//416 417//417
f 500//500 418//418 419//419
f 501//501 419//419 420//420
f 504//504 421//421 422//422
f 508//508 423//423 507//507
f 512//512 425//425 511//511
f 513//513 426//426 512//512
f 515//515 428//428 514//514
f 516//516 429//429 515//515
f 518//518 431//431 517//517
f 519//519 432//432 518//518
f 520//520 433//433 519//519
f 521//521 434//434 520//520
f 522//522 435//435 521//521
f 523//523 436//436 522//522
f 524//524 437//437 523//523
f 530//530 444//444 445//445
f 531//531 445//445 446//446
f 533//533 447//447 532//532
f 537//537 452//452 536//536
f 538//538 453//453 537//537
f 541//541 455//455 540//540
f 545//545 458//458 459//459
f 547//547 460//460 546//546
f 549//549 462//462 548//548
f 554//554 467//467 468//468
f 556//556 469//469 470//470
f 561//561 474//474 475//475
f 562//562 475//475 476//476
f 564//564 478//478 563//563
f 569//569 482//482 568//568
f 571//571 484//484 485//485
f 573//573 486//486 487//487
f 574//574 487//487 488//488
f 575//575 488//488 489//489
f 576//576 489//489 490//490
f 577//577 490//490 491//491
f 578//578 491//491 492//492
f 582//582 495//495 496//496
f 583//583 496//496 497//497
f 585//585 500//500 501//501
f 588//588 502//502 503//503
f 589//589 503//503 504//504
f 590//590 504//504 505//505
f 600//600 506//506 599//599
f 601//601 507//507 600//600
f 602//602 508//508 601//601
f 604//604 510//510 603//603
f 605//605 511//511 604//604
f 607//607 515//515 606//606
f 610//610 518//518 609//609
f 611//611 519//519 610//610
f 612//612 520//520 611//611
f 613//613 521//521 612//612
f 614//614 522//522 613//613
f 620//620 530//530 531//531
f 623//623 532//532 622//622
f 624//624 533//533 623//623
f 629//629 537//537 628//628
f 630//630 538//538 629//629
f 633//633 540//540 632//632
f 635//635 542//542 543//543
f 638//638 544//544 545//545
f 640//640 546//546 639//639
f 645//645 551//551 644//644
f 647//647 553//553 554//554
f 649//649 555//555 556//556
f 653//653 558//558 559//559
f 656//656 561//561 562//562
f 660//660 563//563 659//659
f 661//661 564//564 660//660
f 664//664 566//566 567//567
f 672//672 570//570 571//571
f 675//675 573//573 574//574
f 676//676 574//574 575//575
f 677//677 575//575 576//576
f 678//678 576//576 577//577
f 686//686 580//580 581//581
f 687//687 581//581 582//582
f 689//689 584//584 585//585
f 691//691 586//586 587//587
f 694//694 591//591 592//592
f 695//695 592//592 593//593
f 696//696 593//593 594//594
f 700//700 595//595 699//699
f 701//701 596//596 700//700
f 704//704 598//598 703//703
f 706//706 601//601 705//705
f 708//708 603//603 707//707
f 710//710 606//606 709//709
f 712//712 608//608 711//711
f 713//713 609//609 712//712
f 714//714 610//610 713//713
f 715//715 611//611 714//714
f 716//716 612//612 715//715
f 717//717 613//613 716//716
f 721//721 616//616 617//617
f 726//726 619//619 620//620
f 727//727 620//620 621//621
f 731//731 622//622 730//730
f 735//735 625//625 734//734
f 739//739 627//627 738//738
f 740//740 628//628 739//739
f 741//741 629//629 740//740
f 742//742 630//630 741//741
f 745//745 632//632 744//744
f 750//750 634//634 635//635
f 751//751 635//635 636//636
f 758//758 639//639 757//757
f 771//771 646//646 647//647
f 773//773 648//648 649//649
f 778//778 650//650 777//777
f 780//780 652//652 653//653
f 784//784 654//654 655//655
f 785//785 655//655 656//656
f 787//787 657//657 786//786
f 790//790 660//660 789//789
f 794//794 662//662 663//663
f 796//796 665//665 666//666
f 797//797 666//666 667//667
f 800//800 668//668 799//799
f 801//801 669//669 800//800
f 807//807 676//676 677//677
f 812//812 680//680 681//681
f 813//813 681//681 682//682
f 814//814 682//682 683//683
f 816//816 684//684 685//685
f 817//817 685//685 686//686
f 818//818 686//686 687//687
f 820//820 688//688 689//689
f 823//823 690//690 691//691
f 827//827 693//693 694//694
f 829//829 695//695 696//696
f 832//832 697//697 698//698
f 839//839 699//699 838//838
f 840//840 700//700 839//839
f 841//841 701//701 840//840
f 843//843 703//703 842//842
f 849//849 707//707 848//848
f 855//855 711//711 854//854
f 856//856 712//712 855//855
f 857//857 713//713 856//856
f 858//858 714//714 857//857
f 859//859 715//715 858//858
f 860//860 716//716 859//859
f 867//867 720//720 721//721
f 868//868 721//721 722//722
f 879//879 726//726 727//727
f 880//880 727//727 728//728
f 887//887 729//729 886//886
f 889//889 732//732 888//888
f 891//891 734//734 890//890
f 892//892 735//735 891//891
f 897//897 742//742 743//743
f 907//907 759//759 906//906
f 910//910 761//761 909//909
f 914//914 767//767 768//768
f 916//916 772//772 773//773
f 920//920 779//779 780//780
f 921//921 780//780 781//781
f 925//925 786//786 924//924
f 926//926 787//787 925//925
f 928//928 789//789 927//927
f 929//929 790//790 928//928
f 933//933 792//792 793//793
f 935//935 796//796 797//797
f 936//936 797//797 798//798
f 938//938 800//800 937//937
f 949//949 804//804 948//948
f 952//952 806//806 807//807
f 953//953 807//807 808//808
f 961//961 811//811 812//812
f 962//962 812//812 813//813
f 963//963 813//813 814//814
f 965//965 816//816 817//817
f 972//972 821//821 822//822
f 978//978 825//825 826//826
f 983//983 830//830 831//831
f 984//984 831//831 832//832
f 985//985 832//832 833//833
f 996//996 834//834 995//995
f 997//997 835//835 996//996
f 999//999 837//837 998//998
f 1007//1007 846//846 1006//1006
f 1010//1010 850//850 851//851
f 1011//1011 851//851 852//852
f 1013//1013 854//854 855//855
f 1015//1015 861//861 862//862
f 1017//1017 872//872 1016//1016
f 1018//1018 873//873 1017//1017
f 1020//1020 880//880 1019//1019
f 1021//1021 881//881 1020//1020
f 1024//1024 883//883 1023//1023
f 1025//1025 884//884 1024//1024
f 1027//1027 890//890 1026//1026
f 1028//1028 891//891 1027//1027
f 1035//1035 893//893 1034//1034
f 1037//1037 898//898 1036//1036
f 1050//1050 908//908 1049//1049
f 1054//1054 912//912 913//913
f 1056//1056 915//915 916//916
f 1061//1061 919//919 920//920
f 1062//1062 920//920 921//921
f 1067//1067 929//929 930//930
f 1073//1073 931//931 932//932
f 1075//1075 941//941 942//942
f 1076//1076 942//942 943//943
f 1077//1077 943//943 944//944
f 1078//1078 944//944 945//945
f 1081//1081 957//957 958//958
f 1083//1083 966//966 1082//1082
f 1086//1086 973//973 1085//1085
f 1087//1087 974//974 1086//1086
f 1092//1092 979//979 1091//1091
f 1094//1094 981//981 982//982
f 1099//1099 986//986 987//987
f 1101//1101 988//988 989//989
f 1104//1104 990//990 991//991
f 1110//1110 992//992 1109//1109
f 1111//1111 993//993 1110//1110
f 1117//1117 1000//1000 1001//1001
f 1119//1119 1003//1003 1004//1004
f 1121//1121 1027//1027 1120//1120
f 1122//1122 1028//1028 1121//1121
f 1123//1123 1029//1029 1122//1122
f 1124//1124 1030//1030 1123//1123
f 1125//1125 1031//1031 1124//1124
f 1127//1127 1036//1036 1126//1126
f 1128//1128 1037//1037 1127//1127
f 1134//1134 1039//1039 1133//1133
f 1142//1142 1044//1044 1141//1141
f 1157//1157 1055//1055 1056//1056
f 1162//1162 1057//1057 1058//1058
f 1164//1164 1060//1060 1061//1061
f 1165//1165 1061//1061 1062//1062
f 1172//1172 1066//1066 1067//1067
f 1173//1173 1067//1067 1068//1068
f 1174//1174 1068//1068 1069//1069
f 1175//1175 1069//1069 1070//1070
f 1176//1176 1070//1070 1071//1071
f 1178//1178 1089//1089 1177//1177
f 1181//1181 1095//1095 1180//1180
f 1182//1182 1096//1096 1181//1181
f 1188//1188 1102//1102 1103//1103
f 1189//1189 1103//1103 1104//1104
f 1190//1190 1104//1104 1105//1105
f 1195//1195 1106//1106 1194//1194
f 1196//1196 1107//1107 1195//1195
f 1199//1199 1110//1110 1111//1111
f 1201//1201 1112//1112 1113//1113
f 1203//1203 1126//1126 1202//1202
f 1204//1204 1127//1127 1203//1203
f 1205//1205 1128//1128 1204//1204
f 1206//1206 1129//1129 1205//1205
f 1208//1208 1135//1135 1207//1207
f 1213//1213 1137//1137 1212//1212
f 1214//1214 1138//1138 1213//1213
f 1222//1222 1149//1149 1150//1150
f 1228//1228 1151//1151 1152//1152
f 1230//1230 1156//1156 1157//1157
f 1236//1236 1163//1163 1164//1164
f 1237//1237 1164//1164 1165//1165
f 1238//1238 1165//1165 1166//1166
f 1239//1239 1166//1166 1167//1167
f 1241//1241 1183//1183 1240//1240
f 1242//1242 1184//1184 1241//1241
f 1247//1247 1191//1191 1192//1192
f 1248//1248 1192//1192 1193//1193
f 1250//1250 1207//1207 1249//1249
f 1251//1251 1208//1208 1250//1250
f 1252//1252 1209//1209 1251//1251
f 1260//1260 1221//1221 1222//1222
f 1262//1262 1223//1223 1224//1224
f 1264//1264 1229//1229 1230//1230
f 1266//1266 1253//1253 1265//1265
f 1267//1267 1254//1254 1266//1266
f 1269//1269 1258//1258 1259//1259
f 1270//1270 1259//1259 1260//1260
f 53//53 1//1 7//7
f 54//54 2//2 43//43
f 55//55 3//3 9//9
f 56//56 5//5 46//46
f 62//62 6//6 13//13
f 63//63 12//12 57//57
f 68//68 13//13 20//20
f 74//74 19//19 63//63
f 80//80 21//21 27//27
f 81//81 22//22 70//70
f 114//114 29//29 35//35
f 115//115 30//30 104//104
f 116//116 31//31 37//37
f 118//118 34//34 108//108
f 125//125 35//35 42//42
f 126//126 36//36 115//115
f 127//127 37//37 44//44
f 128//128 39//39 117//117
f 135//135 41//41 52//52
f 136//136 51//51 133//133
f 139//139 52//52 62//62
f 140//140 61//61 136//136
f 143//143 62//62 68//68
f 146//146 67//67 140//140
f 148//148 68//68 79//79
f 150//150 76//76 144//144
f 155//155 80//80 88//88
f 158//158 87//87 150//150
f 163//163 88//88 96//96
f 168//168 93//93 156//156
f 202//202 102//102 113//113
f 203//203 112//112 200//200
f 206//206 113//113 124//124
f 207//207 123//123 204//204
f 210//210 124//124 135//135
f 211//211 134//134 207//207
f 214//214 135//135 139//139
f 216//216 138//138 212//212
f 218//218 139//139 143//143
f 219//219 141//141 215//215
f 222//222 143//143 148//148
f 224//224 147//147 219//219
f 226//226 148//148 154//154
f 229//229 153//153 224//224
f 231//231 154//154 162//162
f 237//237 160//160 228//228
f 242//242 165//165 173//173
f 247//247 170//170 235//235
f 271//271 179//179 190//190
f 272//272 189//189 268//268
f 275//275 190//190 202//202
f 276//276 201//201 273//273
f 279//279 202//202 206//206
f 280//280 205//205 277//277
f 283//283 206//206 210//210
f 284//284 209//209 281//281
f 286//286 210//210 214//214
f 287//287 213//213 284//284
f 289//289 214//214 218//218
f 291//291 217//217 287//287
f 293//293 218//218 222//222
f 295//295 220//220 290//290
f 298//298 223//223 227//227
f 300//300 225//225 295//295
f 303//303 226//226 231//231
f 305//305 229//229 299//299
f 308//308 231//231 239//239
f 318//318 237//237 304//304
f 327//327 246//246 250//250
f 328//328 247//247 316//316
f 357//357 252//252 264//264
f 358//358 256//256 348//348
f 360//360 257//257 270//270
f 362//362 269//269 359//359
f 365//365 271//271 275//275
f 366//366 274//274 363//363
f 369//369 275//275 279//279
f 370//370 278//278 367//367
f 372//372 279//279 283//283
f 373//373 282//282 371//371
f 375//375 283//283 286//286
f 376//376 285//285 373//373
f 378//378 286//286 289//289
f 380//380 288//288 376//376
f 381//381 289//289 293//293
f 383//383 291//291 379//379
f 385//385 293//293 297//297
f 388//388 296//296 383//383
f 391//391 297//297 303//303
f 393//393 300//300 387//387
f 395//395 302//302 307//307
f 400//400 305//305 392//392
f 403//403 308//308 320//320
f 405//405 310//310 397//397
f 406//406 311//311 323//323
f 413//413 318//318 399//399
f 417//417 328//328 331//331
f 418//418 329//329 412//412
f 439//439 333//333 345//345
f 440//440 336//336 429//429
f 442//442 337//337 350//350
f 443//443 349//349 441//441
f 444//444 350//350 360//360
f 447//447 359//359 443//443
f 449//449 360//360 364//364
f 452//452 363//363 448//448
f 455//455 365//365 369//369
f 457//457 368//368 454//454
f 458//458 369//369 372//372
f 460//460 371//371 457//457
f 462//462 372//372 375//375
f 465//465 374//374 461//461
f 466//466 375//375 378//378
f 467//467 376//376 464//464
f 469//469 378//378 381//381
f 471//471 380//380 467//467
f 473//473 382//382 386//386
f 476//476 384//384 471//471
f 478//478 385//385 391//391
f 481//481 388//388 475//475
f 482//482 390//390 395//395
f 485//485 393//393 480//480
f 486//486 395//395 402//402
f 494//494 400//400 484//484
f 496//496 409//409 415//415
f 501//501 414//414 494//494
f 503//503 417//417 421//421
f 504//504 418//418 499//499
f 513//513 423//423 427//427
f 514//514 424//424 508//508
f 524//524 425//425 438//438
f 525//525 430//430 516//516
f 526//526 431//431 442//442
f 528//528 441//441 525//525
f 529//529 442//442 444//444
f 532//532 443//443 528//528
f 535//535 446//446 451//451
f 536//536 448//448 533//533
f 541//541 451//451 456//456
f 542//542 454//454 538//538
f 544//544 455//455 458//458
f 546//546 457//457 542//542
f 549//549 459//459 463//463
f 550//550 461//461 547//547
f 551//551 462//462 466//466
f 554//554 465//465 550//550
f 555//555 466//466 469//469
f 557//557 467//467 553//553
f 558//558 470//470 473//473
f 562//562 471//471 557//557
f 564//564 473//473 479//479
f 566//566 474//474 560//560
f 569//569 478//478 483//483
f 571//571 480//480 566//566
f 572//572 482//482 486//486
f 579//579 484//484 570//570
f 581//581 492//492 495//495
f 585//585 494//494 579//579
f 587//587 497//497 502//502
f 590//590 500//500 584//584
f 605//605 506//506 512//512
f 606//606 509//509 602//602
f 614//614 510//510 523//523
f 615//615 516//516 607//607
f 617//617 518//518 527//527
f 618//618 525//525 615//615
f 619//619 527//527 530//530
f 622//622 528//528 618//618
f 625//625 531//531 535//535
f 628//628 534//534 624//624
f 633//633 535//535 541//541
f 635//635 539//539 630//630
f 637//637 540//540 544//544
f 639//639 542//542 634//634
f 642//642 545//545 549//549
f 643//643 547//547 640//640
f 645//645 549//549 552//552
f 647//647 550//550 643//643
f 648//648 551//551 555//555
f 650//650 553//553 646//646
f 652//652 556//556 558//558
f 656//656 557//557 650//650
f 661//661 559//559 565//565
f 664//664 561//561 655//655
f 669//669 563//563 569//569
f 672//672 566//566 663//663
f 674//674 569//569 573//573
f 679//679 570//570 671//671
f 685//685 577//577 580//580
f 689//689 579//579 679//679
f 690//690 582//582 586//586
f 692//692 584//584 688//688
f 693//693 587//587 591//591
f 696//696 590//590 692//692
f 704//704 595//595 599//599
f 705//705 597//597 701//701
f 708//708 598//598 604//604
f 709//709 602//602 706//706
f 717//717 603//603 614//614
f 719//719 607//607 710//710
f 720//720 608//608 616//616
f 724//724 615//615 719//719
f 725//725 617//617 619//619
f 730//730 618//618 724//724
f 735//735 621//621 626//626
f 738//738 623//623 731//731
f 745//745 625//625 633//633
f 751//751 631//631 742//742
f 752//752 632//632 637//637
f 757//757 634//634 749//749
f 759//759 637//637 641//641
f 765//765 640//640 758//758
f 766//766 641//641 644//644
f 771//771 643//643 765//765
f 772//772 644//644 648//648
f 777//777 646//646 770//770
f 779//779 649//649 652//652
f 786//786 651//651 778//778
f 790//790 653//653 661//661
f 794//794 654//654 783//783
f 795//795 656//656 665//665
f 797//797 658//658 787//787
f 801//801 660//660 670//670
f 803//803 662//662 793//793
f 804//804 668//668 673//673
f 810//810 671//671 803//803
f 811//811 673//673 680//680
f 814//814 676//676 806//806
f 815//815 677//677 684//684
f 820//820 679//679 810//810
f 822//822 687//687 690//690
f 824//824 688//688 819//819
f 826//826 691//691 693//693
f 829//829 692//692 824//824
f 831//831 694//694 697//697
f 832//832 695//695 828//828
f 843//843 699//699 704//704
f 845//845 702//702 841//841
f 849//849 703//703 708//708
f 853//853 706//706 845//845
f 860//860 707//707 717//717
f 865//865 709//709 853//853
f 866//866 711//711 720//720
f 877//877 718//718 865//865
f 878//878 722//722 726//726
f 886//886 723//723 877//877
f 892//892 728//728 736//736
f 895//895 730//730 887//887
f 896//896 732//732 742//742
f 897//897 733//733 889//889
f 899//899 734//734 745//745
f 901//901 737//737 895//895
f 903//903 745//745 753//753
f 905//905 746//746 901//901
f 907//907 753//753 760//760
f 909//909 754//754 905//905
f 911//911 759//759 766//766
f 914//914 762//762 910//910
f 915//915 766//766 772//772
f 918//918 767//767 913//913
f 919//919 773//773 779//779
f 923//923 774//774 918//918
f 929//929 781//781 791//791
f 933//933 782//782 923//923
f 934//934 786//786 796//796
f 936//936 788//788 926//926
f 938//938 789//789 801//801
f 947//947 792//792 932//932
f 949//949 800//800 805//805
f 959//959 802//802 947//947
f 960//960 804//804 811//811
f 963//963 806//806 951//951
f 964//964 808//808 816//816
f 970//970 809//809 959//959
f 971//971 817//817 821//821
f 976//976 819//819 970//970
f 977//977 822//822 825//825
f 980//980 824//824 976//976
f 982//982 826//826 830//830
f 985//985 829//829 980//980
f 999//999 834//834 838//838
f 1001//1001 836//836 997//997
f 1002//1002 837//837 842//842
f 1005//1005 840//840 1001//1001
f 1008//1008 842//842 849//849
f 1011//1011 844//844 1005//1005
f 1012//1012 846//846 854//854
f 1013//1013 847//847 1007//1007
f 1014//1014 849//849 861//861
f 1015//1015 850//850 1009//1009
f 1021//1021 872//872 882//882
f 1023//1023 874//874 1018//1018
f 1028//1028 880//880 892//892
f 1034//1034 885//885 1025//1025
f 1037//1037 890//890 899//899
f 1042//1042 894//894 1035//1035
f 1043//1043 898//898 902//902
f 1046//1046 900//900 1042//1042
f 1047//1047 902//902 906//906
f 1049//1049 904//904 1046//1046
f 1051//1051 906//906 911//911
f 1054//1054 909//909 1050//1050
f 1055//1055 911//911 915//915
f 1059//1059 912//912 1053//1053
f 1060//1060 916//916 919//919
f 1065//1065 917//917 1059//1059
f 1066//1066 921//921 929//929
f 1073//1073 922//922 1065//1065
f 1074//1074 930//930 941//941
f 1079//1079 931//931 1072//1072
f 1080//1080 945//945 957//957
f 1081//1081 946//946 1079//1079
f 1084//1084 966//966 972//972
f 1085//1085 967//967 1083//1083
f 1088//1088 972//972 977//977
f 1091//1091 975//975 1087//1087
f 1093//1093 977//977 981//981
f 1097//1097 980//980 1092//1092
f 1098//1098 982//982 986//986
f 1101//1101 985//985 1097//1097
f 1103//1103 987//987 990//990
f 1104//1104 988//988 1100//1100
f 1112//1112 992//992 995//995
f 1114//1114 994//994 1111//1111
f 1115//1115 995//995 999//999
f 1117//1117 997//997 1114//1114
f 1118//1118 999//999 1003//1003
f 1119//1119 1000//1000 1116//1116
f 1128//1128 1027//1027 1038//1038
f 1133//1133 1032//1032 1125//1125
f 1136//1136 1036//1036 1043//1043
f 1141//1141 1040//1040 1134//1134
f 1144//1144 1043//1043 1047//1047
f 1148//1148 1045//1045 1142//1142
f 1150//1150 1047//1047 1051//1051
f 1155//1155 1048//1048 1148//1148
f 1156//1156 1051//1051 1055//1055
f 1162//1162 1052//1052 1155//1155
f 1163//1163 1056//1056 1060//1060
f 1170//1170 1057//1057 1161//1161
f 1171//1171 1062//1062 1066//1066
f 1176//1176 1063//1063 1170//1170
f 1179//1179 1089//1089 1094//1094
f 1180//1180 1090//1090 1178//1178
f 1183//1183 1094//1094 1098//1098
f 1186//1186 1097//1097 1182//1182
f 1187//1187 1098//1098 1102//1102
f 1190//1190 1101//1101 1186//1186
f 1197//1197 1106//1106 1109//1109
f 1199//1199 1108//1108 1196//1196
f 1200//1200 1109//1109 1112//1112
f 1201//1201 1110//1110 1198//1198
f 1208//1208 1126//1126 1136//1136
f 1212//1212 1130//1130 1206//1206
f 1215//1215 1135//1135 1143//1143
f 1220//1220 1139//1139 1214//1214
f 1221//1221 1143//1143 1149//1149
f 1228//1228 1145//1145 1220//1220
f 1229//1229 1150//1150 1156//1156
f 1234//1234 1151//1151 1227//1227
f 1235//1235 1157//1157 1163//1163
f 1239//1239 1158//1158 1234//1234
f 1243//1243 1183//1183 1187//1187
f 1245//1245 1185//1185 1242//1242
f 1246//1246 1187//1187 1191//1191
f 1248//1248 1189//1189 1245//1245
f 1254//1254 1207//1207 1215//1215
f 1257//1257 1210//1210 1252//1252
f 1259//1259 1215//1215 1221//1221
f 1262//1262 1216//1216 1257//1257
f 1263//1263 1222//1222 1229//1229
f 1264//1264 1223//1223 1261//1261
f 1268//1268 1253//1253 1258//1258
f 1270//1270 1255//1255 1267//1267
